time,open,high,low,close,Volume
1760023800,4016.265,4018.55,4006.545,4008.355,20810
1760024700,4008.35,4017.585,4007.885,4014.475,17188
1760025600,4014.42,4021.695,4013.74,4016.96,12674
1760026500,4017.055,4018.17,4009.865,4012.23,13176
1760027400,4012.235,4012.51,3976.735,3986.525,25967
1760028300,3986.5,3986.825,3963.905,3969.025,25487
1760029200,3969.08,3974.635,3951.065,3952.13,26892
1760030100,3952.145,3967.675,3944.435,3959.395,31375
1760031000,3959.51,3963.79,3955.94,3957.15,21918
1760031900,3957.17,3960.172,3945.28,3950.375,23254
1760032800,3950.33,3965.47,3949.57,3961.855,18864
1760033700,3961.9,3968.94,3960.22,3963.25,13647
1760034600,3963.175,3963.875,3956.055,3957.775,8894
1760035500,3957.855,3961.705,3956.615,3957.475,10030
1760036400,3957.45,3974.61,3955.375,3972.04,13178
1760037300,3972.045,3978.455,3969.725,3978.275,9231
1760038200,3978.4,3982.175,3976.735,3979.145,10413
1760039100,3979.16,3981.71,3972,3973.46,8500
1760040000,3973.34,3979.23,3973.215,3978.745,3182
1760040900,3978.77,3979.15,3973.855,3976.81,3504
1760041800,3976.785,3977.825,3973.165,3974.755,1786
1760042700,3974.74,3976.82,3973.045,3976.24,1338
1760047200,3977.265,3977.695,3958.855,3968.27,3445
1760048100,3968.26,3980.7,3968.215,3972.51,3095
1760049000,3972.515,3976.59,3971.165,3975.26,3929
1760049900,3975.185,3977.31,3973.87,3975.31,1171
1760050800,3975.345,3978.64,3974.565,3975.15,1387
1760051700,3975.155,3986.045,3974.925,3983.23,1809
1760052600,3983.205,3988.925,3978.74,3988.49,3111
1760053500,3988.455,3991.28,3985.345,3989.805,4825
1760054400,3989.785,3992.625,3985.53,3990.655,7258
1760055300,3990.65,3993.29,3989.01,3991.78,4715
1760056200,3991.77,3993.21,3988.305,3992.95,7120
1760057100,3992.945,3994.52,3989.685,3991.3,4545
1760058000,3991.27,3992.48,3983.72,3984.835,10810
1760058900,3984.8,3985.12,3975.44,3981.62,8655
1760059800,3981.56,3981.805,3969.885,3974.565,9124
1760060700,3974.585,3981.19,3972.355,3973.275,7227
1760061600,3973.27,3982.29,3973.27,3982.27,7306
1760062500,3982.235,3985.555,3981.615,3984.25,4629
1760063400,3984.185,3986.91,3981.86,3982.835,3952
1760064300,3982.89,3984.775,3976.855,3978.63,5895
1760065200,3978.615,3979.385,3970.585,3971.33,8190
1760066100,3971.415,3974.425,3961.835,3970.65,8276
1760067000,3970.57,3974.16,3963.655,3964.675,8341
1760067900,3964.595,3967.02,3960.695,3961.88,7538
1760068800,3961.895,3964.77,3947.02,3948.155,8727
1760069700,3948.14,3959.115,3948.13,3958.955,11507
1760070600,3958.98,3964.29,3957.635,3963.72,7432
1760071500,3963.525,3966.905,3962.775,3966.29,5937
1760072400,3966.285,3972.96,3966.16,3972.485,10385
1760073300,3972.55,3977.775,3972.415,3973.04,11867
1760074200,3973.085,3974.91,3965.835,3974.585,14823
1760075100,3974.54,3976.855,3971.35,3974.85,9729
1760076000,3974.845,3976.065,3967.735,3971.14,7491
1760076900,3971.13,3973.395,3968.165,3971.665,7314
1760077800,3971.66,3976.01,3968.38,3972.45,10533
1760078700,3972.725,3973.535,3962.64,3968.495,9271
1760079600,3968.54,3968.695,3952.855,3958.86,8586
1760080500,3958.89,3966.44,3957.545,3965.135,8691
1760081400,3965.15,3967.005,3962.335,3964.905,7243
1760082300,3964.885,3976.41,3964.395,3972.04,9790
1760083200,3972.025,3988.58,3970.28,3988.325,9740
1760084100,3988.305,3989.015,3985.62,3986.59,9075
1760085000,3986.575,3990.785,3985.38,3990.7,6711
1760085900,3990.695,3995.005,3990.085,3991.98,11051
1760086800,3992.005,4001.83,3990.41,4000.66,9029
1760087700,4000.655,4001.315,3990.625,3996.5,8804
1760088600,3996.435,4003.795,3994.525,4002.86,8754
1760089500,4002.865,4006.735,3995.35,3995.87,10159
1760090400,3995.64,3997.755,3991.335,3992.825,7409
1760091300,3992.71,3999.215,3990.85,3998.95,4420
1760092200,3998.9,4000.32,3996.97,3998.26,3137
1760093100,3998.275,3999.94,3993.36,3993.925,4313
1760094000,3993.955,3999.675,3993.375,3998.475,6502
1760094900,3998.375,3999.91,3994.26,3997.18,5494
1760095800,3997.19,3998.825,3991.25,3992.37,9587
1760096700,3992.32,3995.475,3983.44,3987.135,8652
1760097600,3987.21,3991.62,3985.185,3988.64,8245
1760098500,3988.695,3993.635,3986.5,3991.73,8188
1760099400,3991.84,3992.04,3984.615,3986.125,10141
1760100300,3986.16,3989.625,3980.12,3985.805,9506
1760101200,3985.765,3988.97,3979.5,3987.42,10997
1760102100,3987.365,3994.795,3986.26,3992.58,11252
1760103000,3992.565,3998.145,3988.58,3993.42,19106
1760103900,3993.5,3993.54,3975.63,3981.02,24767
1760104800,3981.03,3982.755,3970.855,3980.81,22347
1760105700,3980.765,3987.175,3976.975,3983.43,16745
1760106600,3983.425,3988.615,3980.245,3982.455,13309
1760107500,3982.47,3994.315,3980.65,3990.285,17350
1760108400,3990.275,4012.09,3988.135,4009.355,34661
1760109300,4009.2,4020.305,4003.27,4016.575,25748
1760110200,4016.56,4023,4005.19,4007.46,29971
1760111100,4007.59,4007.835,3994.69,3997.805,26094
1760112000,3997.695,3998.725,3981.725,3990.06,25787
1760112900,3989.965,3992.31,3977.35,3987.87,18791
1760113800,3987.79,3995.03,3985.47,3986.37,16019
1760114700,3986.345,3988.045,3979.87,3983.545,17158
1760115600,3983.595,3983.955,3975.235,3982.1,15893
1760116500,3982.165,3986.855,3981.18,3984.545,14217
1760117400,3984.65,3992.325,3978.38,3989.09,14196
1760118300,3989.145,3991.255,3983.615,3990.185,10928
1760119200,3990.24,3996.915,3984.41,3995.705,11296
1760120100,3995.755,4009.215,3995.47,4004.01,15460
1760121000,4004,4004.935,3992.92,3995.315,12624
1760121900,3995.305,4004.1,3994.395,3999.195,11324
1760122800,3999.125,4005.06,3995.835,4004.975,10379
1760123700,4004.97,4008.525,4002.18,4005.33,12210
1760124600,4005.345,4017.78,4005.225,4017.615,16606
1760125500,4017.64,4021.51,4010.07,4011.365,17996
1760126400,4011.435,4016.04,4006.015,4006.03,5202
1760127300,4006.025,4013.245,4006.025,4012.43,3280
1760128200,4012.48,4013.505,4007.855,4013.025,2793
1760129100,4012.975,4020.335,4008.39,4016.68,8043
1760306400,4017.625,4028.61,3998.15,4022.44,4683
1760307300,4022.475,4045.68,4019.91,4040.665,7571
1760308200,4040.69,4041.18,4033.12,4036.74,4921
1760309100,4036.725,4043.185,4032.755,4042.47,4614
1760310000,4042.485,4060.545,4040.5,4048.495,12144
1760310900,4048.51,4054.655,4046.115,4048.98,8728
1760311800,4049.1,4049.705,4036.26,4038.805,7164
1760312700,4038.78,4045.3,4032.235,4035.19,9834
1760313600,4035.205,4036.46,4025.05,4032.02,9952
1760314500,4032.04,4041.895,4024.39,4040.765,10686
1760315400,4040.78,4057.63,4037.855,4057.26,15543
1760316300,4057.215,4060.02,4042.52,4043.97,11955
1760317200,4044.145,4053.78,4035.99,4044.155,15108
1760318100,4044.155,4046.93,4037.73,4042.33,11251
1760319000,4042.295,4053.025,4041.465,4050.08,8073
1760319900,4050.115,4055.17,4045.825,4053.265,6624
1760320800,4053.25,4056.065,4042.75,4049.745,8242
1760321700,4049.73,4051.2,4046.05,4046.385,6803
1760322600,4046.38,4051.39,4043.35,4047.595,11284
1760323500,4047.615,4049.065,4041.58,4048.34,8029
1760324400,4048.365,4050.295,4046.565,4050.135,5989
1760325300,4050.13,4052.9,4046.575,4051.915,5417
1760326200,4051.89,4055.805,4049.865,4055.085,8244
1760327100,4055.09,4056.62,4048.465,4052,6606
1760328000,4051.98,4054.835,4051.09,4052.99,4396
1760328900,4052.995,4057.45,4052.985,4056.79,3920
1760329800,4056.725,4059.485,4055.84,4057.62,4716
1760330700,4057.6,4057.615,4055.58,4056.255,3845
1760331600,4056.225,4066.19,4054.81,4063.125,8377
1760332500,4063.115,4074.11,4062.335,4071.43,9282
1760333400,4071.275,4078.235,4068.695,4075.875,12382
1760334300,4075.865,4076.7,4061.675,4063.765,10048
1760335200,4063.745,4067.27,4059.47,4065.665,11895
1760336100,4065.65,4071.745,4064.345,4068.865,12747
1760337000,4068.85,4073.865,4067.11,4069.89,8798
1760337900,4069.92,4070.81,4067.09,4069.41,9816
1760338800,4069.45,4073.27,4066.685,4071.99,9821
1760339700,4072.035,4076.3,4068.155,4074.68,9720
1760340600,4074.685,4075.82,4068.42,4075.415,8617
1760341500,4075.45,4077.63,4069.265,4071.225,6888
1760342400,4071.21,4076.425,4069.955,4075.57,8605
1760343300,4075.61,4076.185,4070.43,4073.655,6016
1760344200,4073.51,4074.325,4068.925,4074.255,5556
1760345100,4074.245,4079.25,4073.31,4077.87,7417
1760346000,4077.895,4079.92,4075.025,4076.115,4157
1760346900,4076.125,4076.645,4071.095,4071.55,3633
1760347800,4071.35,4074.52,4070.215,4073.42,5422
1760348700,4073.41,4079.92,4073.12,4077.42,6774
1760349600,4077.41,4077.69,4071.185,4071.43,5280
1760350500,4071.52,4076.475,4071.445,4076.425,5108
1760351400,4076.475,4080.145,4073.67,4078.005,4587
1760352300,4077.995,4085.445,4077.965,4081,5651
1760353200,4080.98,4084.745,4077.31,4082.19,7995
1760354100,4082.225,4084.83,4080.085,4081.45,4326
1760355000,4081.545,4081.545,4076.425,4077.195,5893
1760355900,4077.14,4078.08,4073.715,4074.03,7822
1760356800,4074.135,4077.055,4073.315,4074.76,6124
1760357700,4074.79,4084.475,4073.74,4083.745,6567
1760358600,4083.78,4086.215,4077.11,4078.13,7216
1760359500,4078.14,4081.02,4075.44,4079.76,5568
1760360400,4079.795,4088.195,4078.485,4087.775,7507
1760361300,4087.77,4093.23,4084.025,4091.485,8600
1760362200,4091.52,4093.55,4081.885,4086.62,14426
1760363100,4086.645,4095.675,4086.465,4094.25,14511
1760364000,4094.21,4096.745,4091.14,4092.495,12695
1760364900,4092.5,4097.155,4090.795,4094.805,14257
1760365800,4094.875,4099.635,4094.875,4096.98,11770
1760366700,4097.02,4104.02,4097.02,4097.4,9653
1760367600,4097.305,4099.675,4091.695,4097.035,12118
1760368500,4097.06,4100.4,4093.005,4093.255,7556
1760369400,4093.245,4100.15,4092.605,4100.025,8416
1760370300,4100.04,4107.585,4097.615,4105.045,8851
1760371200,4105.06,4116.735,4105.05,4115.94,9370
1760372100,4115.955,4117.42,4109.14,4109.835,10137
1760373000,4109.815,4112.45,4105.455,4105.985,8343
1760373900,4105.945,4112.81,4103.78,4105.715,9688
1760374800,4105.8,4108.075,4101.8,4106.83,10127
1760375700,4106.795,4115.61,4104.135,4112.87,10412
1760376600,4113.03,4113.865,4107.15,4107.155,6725
1760377500,4107.28,4108.35,4100.065,4103.64,7944
1760378400,4103.585,4104.435,4099.285,4101.915,6713
1760379300,4101.935,4107.53,4101.935,4104.685,8239
1760380200,4104.615,4107.305,4101.315,4101.77,7858
1760381100,4101.855,4104.8,4100.11,4101.945,5836
1760382000,4101.94,4103.12,4090.935,4098.19,11255
1760382900,4098.165,4106.655,4097.83,4104.82,4834
1760383800,4104.88,4106.83,4102.1,4104.99,3974
1760384700,4104.985,4111.05,4103.84,4108.66,6202
1760385600,4108.695,4110.37,4106.065,4108.975,1209
1760386500,4108.95,4111.165,4108.01,4110.665,798
1760387400,4110.655,4110.705,4107.535,4110.075,1084
1760388300,4110.02,4112.615,4109.84,4110.335,1723
1760392800,4112.47,4113.815,4110.905,4113.12,903
1760393700,4113.09,4114.15,4108.825,4108.99,1702
1760394600,4109.055,4110.035,4106.68,4108.285,1602
1760395500,4108.275,4115.875,4108.265,4115.055,1582
1760396400,4115.015,4117.115,4113.015,4114.845,3205
1760397300,4114.87,4116.915,4112.99,4115.185,2292
1760398200,4115.19,4131.725,4115.06,4128.52,7314
1760399100,4128.535,4132.025,4125.54,4127.8,6793
1760400000,4127.835,4129.475,4119.88,4123.305,9773
1760400900,4123.285,4126.555,4119.42,4126.32,6837
1760401800,4126.36,4129.465,4124.745,4128.305,5905
1760402700,4128.36,4130.375,4124.55,4124.62,5382
1760403600,4124.54,4141.035,4123.335,4140.635,12618
1760404500,4140.64,4150.065,4139.45,4147.075,12949
1760405400,4147.1,4149.475,4135.3,4139.685,12937
1760406300,4139.705,4140.14,4132.195,4137.05,9184
1760407200,4137.1,4143.74,4136.8,4141.385,8730
1760408100,4141.35,4143.665,4138.09,4142.42,6227
1760409000,4142.435,4149.985,4141.88,4147.585,8662
1760409900,4147.56,4148.84,4142.76,4146.01,6026
1760410800,4146.005,4155.54,4145.21,4154.885,7413
1760411700,4154.9,4159.7,4154.9,4159.53,9555
1760412600,4159.51,4162.855,4158.35,4162.27,11306
1760413500,4162.285,4166.53,4160.515,4163.18,9039
1760414400,4163.18,4169.42,4160.195,4167.545,5612
1760415300,4167.56,4167.625,4157.66,4163.95,6450
1760416200,4163.925,4164.515,4155.99,4162.82,4983
1760417100,4162.72,4170.03,4162.25,4168.16,4441
1760418000,4168.08,4177.39,4165.535,4176.795,8075
1760418900,4176.92,4179.935,4174.375,4179.37,12595
1760419800,4179.195,4179.695,4119.35,4119.72,30506
1760420700,4119.695,4137.665,4110.63,4121.36,29952
1760421600,4121.345,4134.27,4106.44,4111.29,26955
1760422500,4111.31,4118.675,4090.58,4114.265,27660
1760423400,4114.27,4115.29,4098.325,4098.385,20589
1760424300,4098.355,4113.09,4090.145,4112.375,18122
1760425200,4112.38,4113.45,4102.73,4112.495,13042
1760426100,4112.47,4128.135,4110.575,4123.96,11897
1760427000,4124,4127.04,4116.885,4120.055,13242
1760427900,4120.05,4127.07,4119.275,4126.575,8612
1760428800,4126.57,4141.035,4124.72,4140.88,9809
1760429700,4140.855,4144.69,4138.13,4144.31,9218
1760430600,4144.315,4145.07,4130.22,4132.685,10747
1760431500,4132.77,4144.03,4132.355,4143.95,8015
1760432400,4143.9,4144.275,4134.075,4140.77,6953
1760433300,4140.765,4142.115,4138.1,4139.835,7881
1760434200,4139.815,4144.21,4135.395,4136.97,6844
1760435100,4137.005,4137.335,4121.67,4127.4,11938
1760436000,4127.34,4130.215,4124.72,4129.275,7861
1760436900,4129.285,4139.795,4127.19,4139.675,7049
1760437800,4139.685,4144.615,4136.61,4139.795,7913
1760438700,4139.885,4139.95,4128.615,4131.5,10306
1760439600,4131.55,4134.46,4129.275,4130.045,6245
1760440500,4130.11,4138.065,4128.38,4132.33,6515
1760441400,4132.28,4132.715,4126.435,4130.745,4653
1760442300,4130.57,4131.165,4125.925,4130.415,6234
1760443200,4130.505,4134.605,4126.42,4130.235,7676
1760444100,4130.155,4133.845,4116.645,4118.73,12665
1760445000,4118.795,4120.07,4106.755,4109.785,12708
1760445900,4109.82,4113.905,4103.28,4106.47,13239
1760446800,4106.465,4113.525,4097.74,4113.235,14730
1760447700,4113.105,4120.21,4105.155,4110.53,11906
1760448600,4110.555,4129.03,4106.53,4126.98,18249
1760449500,4126.885,4129.46,4114.08,4124.105,19533
1760450400,4123.855,4137.61,4121.26,4134.395,16002
1760451300,4134.335,4136.415,4126.655,4133.23,14940
1760452200,4133.235,4137.845,4127.98,4130.61,12124
1760453100,4130.72,4135.025,4126.345,4129.46,14323
1760454000,4129.47,4141.16,4126.42,4141.05,14816
1760454900,4141.02,4141.2,4135.66,4138.03,15005
1760455800,4138.1,4142.71,4136.825,4139.215,15699
1760456700,4139.17,4140.54,4131.855,4138.075,15770
1760457600,4138.095,4141.835,4128.925,4130.99,9427
1760458500,4130.965,4138.35,4127.765,4133.67,10377
1760459400,4133.685,4143.965,4128.665,4142.8,9790
1760460300,4142.805,4155.495,4139.775,4140.39,11408
1760461200,4140.36,4150.13,4137.33,4145.48,8034
1760462100,4145.53,4152.955,4141.72,4146.965,12302
1760463000,4147,4152.62,4146.26,4149.495,7751
1760463900,4149.385,4149.825,4143.29,4148.15,8377
1760464800,4148.145,4152.73,4147.13,4148.225,5611
1760465700,4148.3,4149.365,4143.275,4145.9,7120
1760466600,4145.79,4149.495,4145.555,4148.72,6465
1760467500,4148.735,4150.58,4148.125,4148.285,10535
1760468400,4148.245,4150.57,4146.435,4149.01,8974
1760469300,4149.03,4150.585,4147.355,4149.88,4355
1760470200,4149.855,4150.445,4134.695,4139.5,13181
1760471100,4139.635,4144.815,4135.675,4141.92,11581
1760472000,4141.94,4145.195,4139.465,4144.015,3003
1760472900,4144,4146.15,4143.16,4144.065,1367
1760473800,4144.055,4144.195,4142.045,4142.3,2103
1760474700,4142.28,4145.685,4141.965,4142.625,997
1760479200,4140.755,4160.88,4140.735,4160.815,2287
1760480100,4160.795,4163.595,4150.97,4152.51,5657
1760481000,4152.485,4160.71,4150.01,4157.5,2482
1760481900,4157.55,4161.89,4157.17,4158.33,1431
1760482800,4158.47,4161.905,4157.15,4160.35,2364
1760483700,4160.34,4164.135,4159.135,4163.58,3689
1760484600,4163.635,4166.205,4162.125,4165.42,3461
1760485500,4165.425,4167.375,4160.2,4161.56,2681
1760486400,4161.505,4169.82,4158.195,4168.71,4902
1760487300,4168.705,4169.545,4153.8,4156.14,4935
1760488200,4156.145,4169.01,4155.115,4167.32,4854
1760489100,4167.305,4168.105,4159.23,4162.53,5976
1760490000,4162.505,4185.27,4162.075,4179.05,12110
1760490900,4178.9,4186.9,4173.875,4185.49,9154
1760491800,4185.51,4186.66,4175.925,4177.93,6787
1760492700,4177.935,4183.12,4176.135,4181.855,5360
1760493600,4181.86,4184.865,4177.83,4179.82,5416
1760494500,4179.895,4184.05,4178.74,4179.255,3563
1760495400,4179.085,4180.27,4167.02,4171.65,8795
1760496300,4171.645,4177.42,4168.03,4176.705,6121
1760497200,4176.715,4185.005,4176.36,4183.835,6948
1760498100,4183.84,4186,4179.615,4183.72,6345
1760499000,4183.725,4185.585,4180.175,4184.935,4809
1760499900,4184.93,4190.95,4184.675,4187.19,4391
1760500800,4187.205,4187.615,4182.695,4185.155,3714
1760501700,4185.135,4185.55,4173.19,4176.245,4739
1760502600,4176.25,4180.6,4174.32,4179.415,3749
1760503500,4179.425,4180.135,4177.95,4179.805,3013
1760504400,4179.76,4190.985,4176.795,4189.88,5454
1760505300,4189.91,4193.185,4186.02,4192.78,5534
1760506200,4192.77,4193.645,4184.375,4188.615,6688
1760507100,4188.515,4191.89,4184.515,4185.805,7035
1760508000,4185.75,4193.55,4184.26,4192.08,5331
1760508900,4192.095,4192.69,4187.435,4190.225,4462
1760509800,4190.39,4194.68,4187.585,4194.06,4913
1760510700,4194.095,4200.46,4193.525,4199.41,6142
1760511600,4199.39,4200.695,4194.45,4199.655,5606
1760512500,4199.655,4200.775,4197.89,4199.695,5479
1760513400,4199.705,4208.115,4198.925,4204.96,5533
1760514300,4204.925,4209.905,4204.435,4207.96,3518
1760515200,4208.015,4216.475,4207.35,4213.115,6879
1760516100,4213.065,4218.405,4208.39,4210.735,6347
1760517000,4210.77,4217.095,4210.405,4215.565,4493
1760517900,4215.515,4217.12,4207.615,4208.075,6080
1760518800,4208.1,4212.355,4202.575,4202.745,5410
1760519700,4203.165,4203.945,4164.24,4190.29,16645
1760520600,4190.3,4196.845,4188.77,4193.155,7528
1760521500,4193.15,4195.76,4189.87,4192.48,5961
1760522400,4192.355,4200.83,4191.29,4199.08,5866
1760523300,4199.095,4206.23,4195.76,4201.53,5635
1760524200,4201.335,4202.565,4190.31,4192.12,5093
1760525100,4192.175,4203.47,4191.425,4202.96,4167
1760526000,4202.915,4203.725,4197.455,4202.51,5911
1760526900,4202.57,4203.43,4200.14,4202.095,4466
1760527800,4202.175,4204.255,4197.375,4198.045,7571
1760528700,4197.98,4200.68,4193.485,4198.74,7688
1760529600,4198.745,4202.87,4192.785,4192.975,7986
1760530500,4193.055,4193.975,4180.015,4181.49,15176
1760531400,4181.485,4189.795,4176.295,4185.425,11919
1760532300,4185.265,4192.625,4181.355,4190.835,10474
1760533200,4190.865,4197.53,4183.05,4195.475,10942
1760534100,4195.555,4197.915,4189.025,4194.335,12008
1760535000,4194.345,4198.99,4183.43,4194.93,18445
1760535900,4194.915,4197.42,4187.02,4192.145,18026
1760536800,4192.135,4212.615,4191.73,4208.4,18099
1760537700,4208.39,4211.72,4204.345,4205.94,15087
1760538600,4205.98,4207.225,4194.41,4198.535,11281
1760539500,4198.53,4203.8,4191.73,4200.245,12945
1760540400,4200.225,4202.085,4193.32,4198.662,13071
1760541300,4198.68,4203.19,4196.755,4201.48,14234
1760542200,4201.47,4201.86,4184.895,4194.865,15426
1760543100,4194.925,4198.655,4179.47,4190.635,15622
1760544000,4190.67,4196.055,4186.4,4191.115,10570
1760544900,4191.045,4199.615,4191.045,4197.245,8617
1760545800,4197.23,4198.605,4190.21,4196.66,7546
1760546700,4196.625,4200.075,4192.885,4199.155,7999
1760547600,4199.18,4199.86,4183.155,4185.67,10976
1760548500,4185.65,4193.44,4182.71,4188.695,13476
1760549400,4188.835,4193.285,4186.25,4193.055,6908
1760550300,4193.065,4198.005,4192.35,4197.88,8498
1760551200,4197.9,4204.625,4196.355,4200.165,14002
1760552100,4200.155,4200.725,4195.105,4198.53,9637
1760553000,4198.54,4200.395,4196.755,4199.145,7545
1760553900,4199.365,4201.525,4196.16,4200.84,9423
1760554800,4200.835,4206.37,4200.56,4205.85,7841
1760555700,4205.845,4211.945,4205.335,4211.1,7975
1760556600,4211.07,4212.665,4205.665,4206.21,8532
1760557500,4206.235,4213.54,4206.01,4210.35,10104
1760558400,4210.36,4212.77,4208.525,4209.14,2854
1760559300,4209.125,4210.06,4206.075,4207.745,2633
1760560200,4207.74,4211.45,4207.31,4210.88,1251
1760561100,4210.895,4211.005,4207.07,4207.77,949
1760565600,4212.565,4212.82,4203.885,4205.61,2067
1760566500,4205.59,4212.825,4199.965,4211.4,4218
1760567400,4211.435,4215.835,4210.05,4215.545,2275
1760568300,4215.565,4216.06,4212.41,4213.05,1428
1760569200,4213.07,4215.99,4208.875,4210.85,2980
1760570100,4210.805,4213.045,4208.98,4212.24,2955
1760571000,4212.195,4213.085,4206.35,4208.37,1672
1760571900,4208.32,4211.705,4207.08,4209.45,3750
1760572800,4209.455,4215.795,4204.84,4215.12,5622
1760573700,4215.165,4225.19,4214.885,4223.16,6098
1760574600,4223.14,4227.4,4220.845,4223.19,8338
1760575500,4223.295,4223.54,4210.37,4210.55,9477
1760576400,4210.535,4223.05,4210.5,4220.775,10410
1760577300,4220.845,4228.295,4218.54,4224.92,9371
1760578200,4224.94,4233.21,4224.065,4231.185,6653
1760579100,4231.17,4231.7,4222.695,4230.3,5995
1760580000,4230.36,4234.76,4229.79,4234.695,5036
1760580900,4234.675,4234.73,4231.515,4231.835,4575
1760581800,4231.82,4236.41,4226.17,4236.09,9673
1760582700,4236.07,4239.735,4234.19,4239.73,7302
1760583600,4239.725,4242.38,4235.585,4238.7,5884
1760584500,4238.575,4241.415,4234.16,4235.365,8933
1760585400,4235.355,4236.6,4229.07,4233.49,7507
1760586300,4233.485,4235.68,4231.89,4233.86,4953
1760587200,4233.855,4236.065,4230.38,4235.1,2881
1760588100,4235.045,4239.275,4234.355,4238.22,1959
1760589000,4238.195,4239.64,4232.935,4234.475,4856
1760589900,4234.435,4235.03,4228.2,4233.53,5799
1760590800,4233.515,4234.925,4224.695,4227.02,6726
1760591700,4227.095,4230.96,4221.58,4223.955,5847
1760592600,4223.9,4224.05,4204.58,4211.61,19101
1760593500,4211.56,4211.585,4203.55,4204.895,12778
1760594400,4204.905,4222.965,4203.61,4222.11,9904
1760595300,4222.095,4227.48,4221.955,4224.735,6680
1760596200,4224.685,4226.33,4218.53,4218.66,6336
1760597100,4218.675,4222.945,4215.83,4222.945,5330
1760598000,4222.94,4232.005,4222.31,4231.84,5525
1760598900,4231.865,4234.315,4229.235,4233.735,5302
1760599800,4233.725,4233.745,4226.82,4230.455,3036
1760600700,4230.46,4231.875,4226.18,4230.78,4504
1760601600,4230.835,4236.21,4230.335,4232.085,4977
1760602500,4232.075,4235.75,4230.855,4231.43,4810
1760603400,4231.455,4233.06,4228.535,4232.255,4760
1760604300,4232.2,4234.475,4229.385,4233.11,3434
1760605200,4233.125,4235.13,4229.195,4230.15,3089
1760606100,4230.075,4231.71,4222.865,4223.22,4037
1760607000,4223.17,4228.035,4221.98,4227.385,4293
1760607900,4227.37,4242.055,4227.335,4239.54,5035
1760608800,4239.525,4243.355,4235.16,4239.03,4185
1760609700,4239.085,4242.355,4236.42,4237.745,2585
1760610600,4237.79,4240.275,4234.155,4239.33,2107
1760611500,4239.295,4246.23,4238.18,4242.71,2973
1760612400,4242.72,4245.18,4239.555,4243.345,4900
1760613300,4243.375,4246.69,4242.22,4244.585,6185
1760614200,4244.59,4247.655,4242.435,4246.68,6251
1760615100,4246.705,4247.7,4240.08,4240.605,7076
1760616000,4240.625,4245.22,4240.03,4245.11,8197
1760616900,4245.14,4245.46,4236.63,4239.17,9427
1760617800,4239.245,4251.345,4227.675,4237.18,13357
1760618700,4237.14,4240.57,4233.16,4236.235,12154
1760619600,4236.25,4247.29,4235.04,4245.85,13066
1760620500,4245.875,4254.965,4244.425,4251.66,12606
1760621400,4251.655,4258.775,4245.27,4255.73,18734
1760622300,4255.725,4256.94,4243.475,4245.975,13936
1760623200,4245.95,4266.015,4245.6,4265.53,17955
1760624100,4265.555,4265.585,4255.59,4263.18,17029
1760625000,4263.185,4267.575,4258.655,4259.7,15507
1760625900,4259.605,4265.045,4254.225,4263.335,15151
1760626800,4263.375,4271.805,4260.76,4269.59,17540
1760627700,4269.595,4273.22,4269.24,4271.95,13588
1760628600,4271.93,4273.395,4267.3,4270.675,13999
1760629500,4270.7,4276.09,4268.88,4273.69,13452
1760630400,4273.71,4280.385,4269.47,4278.71,10522
1760631300,4278.715,4292.195,4277.845,4289.59,13805
1760632200,4289.545,4291.795,4261.5,4271.575,30513
1760633100,4271.44,4284.815,4268.495,4282.81,17633
1760634000,4282.825,4291.46,4279.845,4289.26,15018
1760634900,4289.305,4295.15,4287.235,4289.645,12044
1760635800,4290.29,4298.72,4288.95,4291.19,10161
1760636700,4291.155,4295.62,4287.48,4293.84,7442
1760637600,4293.885,4294.85,4284.295,4284.885,8617
1760638500,4284.76,4291.71,4273.3,4285.625,15606
1760639400,4285.405,4293.41,4282.935,4292.785,13974
1760640300,4292.8,4293.815,4287.395,4290.845,12088
1760641200,4290.835,4296.11,4288.055,4293.185,12684
1760642100,4293.215,4296.925,4287.635,4295.2,11584
1760643000,4295.085,4297.02,4290.905,4296.465,12409
1760643900,4296.47,4312.875,4294.36,4307.495,20070
1760644800,4307.535,4320.505,4307.535,4316.665,7439
1760645700,4316.775,4317.81,4313.445,4315.845,2401
1760646600,4315.695,4318.845,4311.845,4318.265,1816
1760647500,4318.195,4330.9,4317.99,4326.065,4752
1760652000,4338.03,4360.7,4333.165,4350.35,7701
1760652900,4350.435,4380.99,4349.685,4367.765,11285
1760653800,4367.83,4367.83,4342.83,4360.645,9649
1760654700,4360.64,4364.86,4343.825,4346.955,9330
1760655600,4346.965,4363.675,4341.48,4355.7,9193
1760656500,4355.69,4363.86,4353.555,4363.845,4492
1760657400,4363.82,4370.075,4349.935,4368.765,8754
1760658300,4368.76,4379.51,4360.29,4365.815,14495
1760659200,4365.805,4367.06,4355.24,4356.965,13061
1760660100,4356.97,4363.98,4356.195,4357.935,10689
1760661000,4357.845,4368.335,4353.685,4367.035,7747
1760661900,4367.05,4371.76,4356.205,4358.145,9132
1760662800,4358.17,4362.345,4343.895,4347.43,21254
1760663700,4347.42,4348.335,4324.025,4334.14,20988
1760664600,4334.105,4337.78,4278.68,4290.875,26699
1760665500,4290.895,4314.395,4279.62,4314.345,27490
1760666400,4314.175,4336.1,4312.295,4327.735,22081
1760667300,4327.7,4333.77,4323.005,4332.83,16392
1760668200,4332.735,4344.975,4331.72,4339.64,9767
1760669100,4339.48,4348.515,4336.32,4342.81,10526
1760670000,4342.81,4360.105,4339.055,4358.77,11639
1760670900,4358.75,4361.15,4354.94,4356.71,13088
1760671800,4356.78,4360.66,4354.2,4356.77,6844
1760672700,4356.785,4367.01,4355.155,4366.995,6313
1760673600,4366.995,4376.575,4366.785,4370.9,6936
1760674500,4370.92,4371.09,4354.815,4358.57,8815
1760675400,4358.475,4365.395,4358.015,4360.75,4473
1760676300,4360.86,4377.535,4359.99,4376.62,8548
1760677200,4376.585,4378.765,4365.8,4367.97,9449
1760678100,4367.905,4368.52,4357.875,4359.745,7051
1760679000,4359.96,4363.4,4342.18,4359.765,13592
1760679900,4359.875,4369.74,4356.89,4366.17,7803
1760680800,4366.235,4369.81,4354.49,4359.08,6899
1760681700,4359.105,4364.57,4356.22,4361.65,8473
1760682600,4361.7,4365.19,4346.81,4363.975,11508
1760683500,4364.045,4367.615,4356.54,4360.365,6977
1760684400,4360.195,4362.065,4351.775,4355.505,11130
1760685300,4355.475,4357.315,4306.255,4338.33,21201
1760686200,4338.32,4349.96,4330.68,4345.69,18309
1760687100,4345.705,4349.31,4330.005,4342.685,14993
1760688000,4342.525,4347.66,4321.16,4334.095,16507
1760688900,4334.215,4349.975,4334.135,4341.605,12415
1760689800,4341.6,4346.86,4332.99,4346.25,12034
1760690700,4346.28,4349.855,4340.17,4347.53,10550
1760691600,4347.555,4348.47,4341.03,4341.955,10756
1760692500,4341.95,4342.785,4332.46,4335.475,7997
1760693400,4335.495,4345.22,4333.81,4338.34,8129
1760694300,4338.315,4342.02,4335.455,4340.42,4452
1760695200,4340.4,4342.285,4338.06,4338.125,4244
1760696100,4338.065,4341.695,4336.17,4341.28,5651
1760697000,4341.41,4341.705,4319.505,4331.48,14957
1760697900,4331.55,4337.57,4326.97,4327.905,9367
1760698800,4327.885,4335.96,4316.58,4319.81,15711
1760699700,4319.82,4332.65,4318.885,4321.655,14841
1760700600,4321.665,4322.84,4303.52,4307.735,20158
1760701500,4307.705,4314.45,4286.745,4287.19,20306
1760702400,4287.48,4316.84,4283.665,4315.385,23829
1760703300,4315.37,4315.84,4292.05,4293.44,21619
1760704200,4293.42,4315.645,4291.375,4314.53,15155
1760705100,4314.47,4320.25,4311.055,4314.73,12604
1760706000,4314.8,4316.41,4301.395,4313.61,19231
1760706900,4313.675,4317.79,4304.12,4316.23,14177
1760707800,4316.15,4317.235,4258.335,4286.34,42941
1760708700,4286.535,4293.715,4271.94,4274.08,34875
1760709600,4274.13,4274.74,4215.775,4217.425,47153
1760710500,4217.435,4245.21,4216.84,4241.1,39189
1760711400,4241.075,4266.66,4230.845,4259.115,36520
1760712300,4259.19,4260.835,4243.84,4248.98,29051
1760713200,4248.95,4259.455,4240.325,4242.655,25382
1760714100,4242.625,4249.37,4231.065,4248.485,23626
1760715000,4248.625,4259.38,4245.96,4255.77,16347
1760715900,4255.755,4256.675,4236.685,4237.63,19215
1760716800,4237.635,4245.19,4225.465,4234.185,22810
1760717700,4233.955,4239.655,4214.835,4215.13,21001
1760718600,4215.115,4221.7,4205.665,4208.715,30587
1760719500,4208.725,4220.925,4200.53,4205.12,27181
1760720400,4205.24,4209.61,4185.91,4207.1,30844
1760721300,4207.09,4214.615,4199.175,4200.975,23448
1760722200,4200.945,4228.69,4196.62,4222.535,19435
1760723100,4222.545,4226.705,4216.99,4221.01,17331
1760724000,4221.07,4241.965,4218.05,4233.46,20182
1760724900,4233.435,4244.915,4231.165,4244.825,14876
1760725800,4244.85,4244.955,4234.415,4234.595,11318
1760726700,4234.64,4242.47,4232.255,4235.77,11049
1760727600,4235.82,4238.225,4222.855,4224.215,13019
1760728500,4224.27,4225.475,4212.54,4216.685,17350
1760729400,4216.88,4229.305,4216.85,4221.995,12690
1760730300,4221.995,4231.82,4218.605,4226.23,16924
1760731200,4226.18,4234.65,4220.37,4232.57,13951
1760732100,4232.555,4246.8,4231.76,4246.09,12065
1760733000,4246.175,4248.775,4242.915,4247.59,9397
1760733900,4247.46,4255.31,4244.4,4253.975,5718
1760911200,4267.075,4268.27,4251.6,4259.43,6636
1760912100,4259.255,4268.25,4255.25,4260.12,5580
1760913000,4259.955,4260.15,4245.345,4257.325,6205
1760913900,4257.26,4262.47,4253.89,4256.06,4713
1760914800,4255.99,4256.455,4242.97,4244.08,5130
1760915700,4244.075,4249.31,4239.48,4247.6,5703
1760916600,4247.575,4248.33,4243.515,4245.75,2585
1760917500,4245.695,4246.68,4233.465,4238.115,8944
1760918400,4238.11,4242.93,4224.19,4225.15,15752
1760919300,4225.17,4236.42,4219.115,4222.81,15326
1760920200,4222.73,4244.205,4220.865,4240.975,11914
1760921100,4240.975,4250.95,4239.11,4249.425,13856
1760922000,4249.36,4255.735,4229.325,4255.465,23409
1760922900,4255.38,4264.975,4248.355,4262.94,13390
1760923800,4262.95,4266.51,4256.065,4266.275,13591
1760924700,4266.33,4269.12,4258.765,4262.445,7915
1760925600,4262.5,4265.525,4258.695,4262.675,7952
1760926500,4262.645,4267.21,4260.005,4266.85,4968
1760927400,4266.63,4271.285,4260.71,4260.84,9377
1760928300,4260.82,4262.29,4253.33,4255.61,10467
1760929200,4255.615,4259.66,4251.96,4253.57,10061
1760930100,4253.58,4262.63,4252.1,4254.8,8284
1760931000,4254.765,4257.155,4248.775,4255.02,6848
1760931900,4254.995,4265.295,4254.385,4264.72,7061
1760932800,4264.69,4267.29,4260.375,4261.875,7640
1760933700,4261.85,4265.135,4260.775,4264.54,5879
1760934600,4264.57,4268.285,4262.495,4266.705,5840
1760935500,4266.7,4268.03,4264.955,4266.15,4588
1760936400,4266.37,4266.815,4258.88,4261.83,7647
1760937300,4261.85,4263.455,4247.285,4257.285,9440
1760938200,4257.29,4260.685,4250.03,4255.065,12515
1760939100,4255.075,4255.79,4239.675,4240.1,12958
1760940000,4240.21,4244.805,4231.295,4243.83,15844
1760940900,4243.815,4245.795,4225.92,4226.55,14162
1760941800,4226.575,4240.9,4221.205,4234.05,13772
1760942700,4234.03,4237.52,4230.415,4236.295,9946
1760943600,4236.265,4257.34,4234.65,4254.89,10645
1760944500,4254.855,4260.145,4253.855,4254.2,7366
1760945400,4254.195,4260.81,4251.605,4259.06,6660
1760946300,4259.25,4260.65,4254.035,4255.145,6214
1760947200,4255.135,4263.14,4253.9,4260.925,9332
1760948100,4260.725,4262.015,4257.13,4260.565,7271
1760949000,4260.49,4266.12,4256.955,4258.945,7333
1760949900,4258.935,4259.66,4252.4,4258.7,7394
1760950800,4258.71,4260.24,4252.385,4252.875,5940
1760951700,4252.88,4255.605,4250.445,4252.645,6912
1760952600,4252.445,4258.87,4251.625,4258.4,5784
1760953500,4258.345,4263.675,4257.315,4260.775,5435
1760954400,4260.765,4260.965,4245.77,4253.925,7256
1760955300,4253.815,4258.91,4252.67,4256.015,7500
1760956200,4256.03,4259.285,4251.375,4257.825,7663
1760957100,4257.83,4260.2,4254.625,4254.68,9147
1760958000,4254.665,4258.015,4251.04,4255.265,8181
1760958900,4255.275,4263.935,4254.97,4262.925,7584
1760959800,4262.93,4265.365,4259.74,4263.93,6438
1760960700,4263.965,4279.645,4263.435,4279.075,7092
1760961600,4279.06,4283.635,4272.8,4280.705,11507
1760962500,4280.715,4299.83,4278.295,4293.87,15523
1760963400,4293.945,4323.85,4292.02,4320.27,16556
1760964300,4320.22,4327.445,4312.79,4323.54,14627
1760965200,4323.55,4325.36,4313.46,4319.34,18159
1760966100,4319.37,4322.76,4315.28,4320.175,14001
1760967000,4320.2,4320.96,4302.91,4308.295,27878
1760967900,4308.325,4317.41,4299.595,4300.96,22324
1760968800,4300.965,4316.895,4292.85,4316.24,20537
1760969700,4316.26,4334.565,4316.23,4326.4,22111
1760970600,4326.42,4330.2,4316.995,4325.4,16673
1760971500,4325.345,4334.71,4324.26,4332.285,17390
1760972400,4332.3,4347.89,4332.28,4346.44,17958
1760973300,4346.495,4355.65,4341.55,4345.505,16464
1760974200,4345.595,4350.855,4344.02,4349.91,11988
1760975100,4349.995,4351.37,4347.12,4349.12,15056
1760976000,4349.115,4350.85,4342.735,4346.105,11181
1760976900,4346.115,4350.245,4343.89,4345.085,13062
1760977800,4345.135,4348.66,4343.27,4346.21,10768
1760978700,4346.23,4349.855,4343.905,4347.75,10529
1760979600,4347.74,4351.255,4346.29,4346.62,9803
1760980500,4346.71,4350.81,4340.585,4342.19,10985
1760981400,4342.255,4346.93,4337.195,4345.465,9868
1760982300,4345.495,4349.195,4345.495,4348.085,10885
1760983200,4348.115,4349.165,4344.53,4347.055,7593
1760984100,4347.065,4358.145,4345.51,4357.77,9764
1760985000,4357.82,4364.8,4354.975,4359.465,12034
1760985900,4359.42,4362.48,4357.615,4359.375,10283
1760986800,4359.365,4367.155,4359.2,4366.41,11370
1760987700,4366.41,4367.225,4364.535,4366.86,11593
1760988600,4366.935,4369.83,4364.715,4369.645,11252
1760989500,4369.655,4381.44,4369.375,4377.905,21589
1760990400,4377.84,4379.95,4355.71,4360.115,13922
1760991300,4360.13,4361.22,4346.23,4354.195,9712
1760992200,4354.2,4359.27,4346.82,4357.305,5024
1760993100,4357.255,4359.075,4353.75,4355.795,3482
1760997600,4366.33,4371.08,4358.63,4361.935,3922
1760998500,4362.26,4375.625,4362.1,4371.885,5531
1760999400,4371.915,4371.955,4357.54,4358.735,4880
1761000300,4358.76,4370.39,4357.51,4367.69,3859
1761001200,4367.655,4371.875,4365.855,4367.6,3440
1761002100,4367.77,4368.38,4360.075,4362.74,3270
1761003000,4362.6,4362.88,4357.82,4361.445,3967
1761003900,4361.415,4362.95,4356.83,4360.195,4878
1761004800,4360.19,4363.845,4356.25,4359.32,8712
1761005700,4359.405,4370.55,4356.31,4368.58,6990
1761006600,4368.585,4371.19,4366.86,4369.98,5543
1761007500,4369.965,4370.885,4364.44,4368.645,7437
1761008400,4368.61,4372.445,4358.425,4359.005,12441
1761009300,4358.94,4361.28,4349.23,4350.265,9052
1761010200,4350.315,4350.605,4333.095,4346.045,14860
1761011100,4346.065,4351.33,4339.12,4350.965,8653
1761012000,4350.98,4351.26,4341.41,4345.68,13430
1761012900,4345.775,4355.465,4343.805,4350.665,5262
1761013800,4350.585,4351.425,4335.89,4339.845,8254
1761014700,4339.795,4344.995,4335.54,4339.145,7078
1761015600,4339.045,4347.02,4338.2,4342.195,5551
1761016500,4342.275,4349.99,4339.825,4349.22,6690
1761017400,4349.25,4350.865,4346.535,4347.6,3643
1761018300,4347.745,4348.825,4343.28,4346.73,3379
1761019200,4346.725,4347.255,4342.95,4343.75,4580
1761020100,4343.81,4345.865,4342.02,4343.115,2556
1761021000,4343.065,4343.59,4339.32,4339.755,2816
1761021900,4339.74,4344.4,4336.985,4342.005,4233
1761022800,4341.81,4344.31,4331.46,4334.85,6283
1761023700,4334.895,4335.92,4329.42,4333.365,5200
1761024600,4333.36,4333.43,4317.455,4322.88,12497
1761025500,4323.16,4329.41,4321.945,4323.175,8243
1761026400,4323.105,4330.865,4317.395,4329.415,9275
1761027300,4329.42,4330.645,4322.855,4324.16,8032
1761028200,4324.115,4338.105,4322.1,4337.735,6273
1761029100,4337.77,4344.185,4335.155,4343.215,7765
1761030000,4343.25,4343.27,4330.255,4331.3,9130
1761030900,4331.31,4334.495,4322.68,4324.73,8522
1761031800,4324.805,4324.805,4293.46,4300.96,19439
1761032700,4301.05,4307.41,4297.295,4298.52,14354
1761033600,4298.51,4302.02,4245.245,4245.29,29266
1761034500,4245.38,4271.16,4245.38,4267.515,27203
1761035400,4267.35,4272.92,4263.28,4272.145,14212
1761036300,4272.1,4274.305,4267.505,4274.15,7067
1761037200,4274.145,4278.095,4254.84,4258.405,9226
1761038100,4258.31,4272.66,4257.53,4271.11,8463
1761039000,4271.28,4276.33,4265.99,4269.995,6471
1761039900,4269.94,4272.355,4262.625,4265.17,8549
1761040800,4265.16,4266.705,4255.405,4260.01,5839
1761041700,4259.985,4266.77,4249.6,4264.43,9555
1761042600,4264.44,4264.74,4255.815,4260.17,5709
1761043500,4260.175,4261.835,4253.565,4253.745,7837
1761044400,4253.74,4269.425,4251.97,4267.88,6798
1761045300,4267.89,4272.67,4257.23,4266.675,7362
1761046200,4266.7,4267.22,4254.98,4256.065,6904
1761047100,4256.1,4261.31,4245.56,4253.435,9007
1761048000,4253.45,4257.85,4214.795,4225.74,18857
1761048900,4225.69,4233.475,4219.615,4228.785,21283
1761049800,4228.71,4230.305,4216.07,4218.145,18664
1761050700,4218,4222.635,4205.87,4211.095,18648
1761051600,4211.33,4211.33,4189.75,4197.49,25497
1761052500,4197.5,4209.67,4195.695,4200.765,18606
1761053400,4200.75,4225.485,4191.44,4205.55,33445
1761054300,4205.525,4209.255,4167.66,4173.76,42403
1761055200,4173.84,4188.665,4165.45,4182.125,37503
1761056100,4182.105,4182.395,4130.16,4137.14,35962
1761057000,4137.285,4137.625,4097.745,4101.595,43737
1761057900,4101.58,4141.74,4080.58,4138.935,42010
1761058800,4139.03,4150.68,4123.345,4141.115,31181
1761059700,4141.135,4143.115,4119.89,4124.825,26990
1761060600,4124.805,4143.595,4123.035,4142.9,23051
1761061500,4142.885,4147.715,4134.335,4138.77,19509
1761062400,4138.81,4143.975,4125.21,4134.57,19962
1761063300,4134.445,4135,4114.88,4117.55,18320
1761064200,4117.535,4120.92,4101.79,4113.95,20200
1761065100,4113.9,4126.515,4108.56,4113.455,18985
1761066000,4113.415,4119.58,4101.32,4114.245,21208
1761066900,4114.215,4119.12,4093.83,4097.67,20253
1761067800,4097.815,4117.895,4095.82,4116.06,17428
1761068700,4116.055,4120.575,4108.6,4111.25,12807
1761069600,4111.265,4124.59,4110.615,4118.685,8766
1761070500,4118.71,4119.645,4111.78,4116.36,7211
1761071400,4116.395,4126.06,4113.56,4113.98,7542
1761072300,4113.98,4115.575,4106.58,4114.89,9839
1761073200,4115.005,4122.32,4106.415,4110.45,7930
1761074100,4110.435,4110.96,4100.795,4104.47,11060
1761075000,4104.42,4112.65,4101.415,4110.47,7406
1761075900,4110.555,4111.9,4101.365,4109.42,12422
1761076800,4109.43,4122.16,4106.37,4120.98,10219
1761077700,4121.105,4125.075,4118.86,4122.82,3798
1761078600,4122.645,4131.1,4120.985,4128.72,2878
1761079500,4128.745,4131.02,4124.735,4125.27,3120
1761084000,4124.28,4124.28,4114.03,4118.71,4734
1761084900,4118.765,4127.075,4117.445,4125.025,5449
1761085800,4125.015,4129.215,4120.95,4125.21,4115
1761086700,4125.225,4128.485,4120.95,4123.54,3854
1761087600,4123.5,4126.25,4116.305,4117.15,4110
1761088500,4117.145,4127.32,4114.52,4123.88,3911
1761089400,4123.9,4128.015,4123.5,4124.705,2542
1761090300,4124.62,4124.665,4090.005,4093.105,12408
1761091200,4093.09,4093.895,4004.28,4036.97,37911
1761092100,4037.12,4059.515,4030.345,4049.13,34347
1761093000,4049.105,4083.445,4040.92,4075.655,27326
1761093900,4075.64,4091.055,4063.465,4075.135,22268
1761094800,4075.145,4119.73,4064.545,4116.57,30765
1761095700,4116.58,4121.14,4097.71,4104.49,18724
1761096600,4104.49,4110.35,4083.12,4098.33,20868
1761097500,4098.27,4106.63,4083.465,4087.445,17876
1761098400,4087.45,4117.95,4087.45,4115.32,10530
1761099300,4115.315,4115.805,4107.845,4110.225,7743
1761100200,4109.94,4114.965,4103.89,4112.585,10088
1761101100,4112.57,4117.06,4111.505,4115.295,6717
1761102000,4115.275,4116.03,4107.34,4112.42,7044
1761102900,4112.335,4122.12,4110.15,4117.19,7775
1761103800,4117.365,4141.215,4116.68,4139.115,10939
1761104700,4139.095,4143.425,4128.29,4128.605,8055
1761105600,4128.61,4133.51,4107.355,4123.8,12037
1761106500,4123.71,4130.85,4122.61,4129.315,9559
1761107400,4129.33,4133.585,4126.86,4128.45,5392
1761108300,4128.455,4132.31,4118.435,4128.375,6029
1761109200,4128.47,4142.085,4126.73,4141.48,8738
1761110100,4141.495,4147.005,4138.56,4140.505,5053
1761111000,4140.5,4141.37,4132.18,4138.75,7384
1761111900,4138.76,4145.82,4131.73,4134.915,8577
1761112800,4134.905,4139.365,4127.715,4137.675,10470
1761113700,4137.615,4143.7,4135.37,4141.875,9180
1761114600,4141.92,4159.52,4141.64,4159.41,7946
1761115500,4159.47,4161.535,4152.25,4155.785,6269
1761116400,4155.75,4156.59,4129.505,4137.605,17782
1761117300,4137.595,4145.175,4136.915,4141.675,11945
1761118200,4141.655,4143.675,4135.435,4137.21,9447
1761119100,4137.33,4148.35,4131.03,4132.99,10309
1761120000,4132.865,4135.94,4085.18,4087.715,22627
1761120900,4087.75,4114.405,4053.35,4102.935,26819
1761121800,4102.94,4110.04,4084.365,4088.085,17530
1761122700,4088.045,4094.64,4069.68,4070.68,21297
1761123600,4070.595,4101.695,4070.38,4075.585,20050
1761124500,4075.57,4080.77,4064.48,4075.71,18881
1761125400,4075.765,4082.835,4062.57,4063.135,16204
1761126300,4063.145,4072.94,4061.605,4069.8,8333
1761127200,4069.705,4078.53,4063.1,4075.765,10566
1761128100,4075.815,4085.895,4070.705,4084.555,9637
1761129000,4084.43,4090.755,4045.195,4054.205,16543
1761129900,4054.18,4061.19,4023.51,4035.405,17810
1761130800,4035.4,4040.965,4015.125,4031.825,22777
1761131700,4031.94,4045.205,4018.925,4021.1,16353
1761132600,4021.105,4031.275,4015.305,4022.7,17933
1761133500,4022.66,4033.5,4015.675,4028.23,16437
1761134400,4028.26,4045.38,4026.465,4036.27,14817
1761135300,4036.325,4046.24,4028.085,4045.285,18480
1761136200,4045.31,4050.765,4041.85,4045.225,14518
1761137100,4045.355,4053.42,4023.32,4033.87,18352
1761138000,4034.005,4068.805,4033.37,4064.585,22436
1761138900,4064.57,4068.47,4051.33,4052.825,13856
1761139800,4052.47,4085.48,4047.435,4070.975,29308
1761140700,4071.015,4080.165,4063.93,4075.975,19364
1761141600,4075.835,4078.745,4056.155,4064.825,22011
1761142500,4064.84,4072.955,4047.51,4056.38,17305
1761143400,4056.415,4058.91,4024.44,4030.58,25261
1761144300,4030.57,4031.175,4011.095,4014.955,25400
1761145200,4015.085,4044.735,4014.955,4038.92,19817
1761146100,4039.045,4047.34,4028.375,4029.59,17474
1761147000,4029.69,4041.43,4023.32,4034.92,17155
1761147900,4034.93,4046.53,4034.35,4037.12,12418
1761148800,4037.13,4037.54,4023.09,4030.755,9935
1761149700,4030.73,4045.7,4029.365,4043.65,6209
1761150600,4043.645,4064.115,4037.665,4050.77,27723
1761151500,4050.885,4064.12,4045.045,4059.27,13925
1761152400,4059.08,4059.52,4044.02,4055.59,12956
1761153300,4055.52,4058.85,4046.85,4049.615,13386
1761154200,4049.62,4060.785,4044.9,4055.04,8138
1761155100,4055.12,4071.025,4054.735,4069.97,13560
1761156000,4069.95,4076.005,4066.59,4075.975,10610
1761156900,4076.01,4078.91,4069.13,4073.85,6279
1761157800,4073.83,4081.73,4073.83,4076.13,6922
1761158700,4076.19,4079.095,4074.315,4077.03,6902
1761159600,4077.035,4093.815,4076.64,4093.005,7909
1761160500,4093,4105.73,4088.865,4105.61,8054
1761161400,4105.625,4113.8,4102.355,4103.36,13042
1761162300,4103.34,4108.66,4100.125,4102.105,10662
1761163200,4102.12,4105.18,4098.525,4104.695,4357
1761164100,4104.695,4107.21,4088.52,4092.28,6893
1761165000,4092.245,4103.935,4092.025,4102.175,4683
1761165900,4102.41,4103.91,4097.71,4099.4,3704
1761170400,4110.085,4111.195,4093.63,4099.315,4252
1761171300,4099.325,4110.54,4099.325,4103.12,5742
1761172200,4103.115,4103.355,4092.59,4098.335,5810
1761173100,4098.13,4104.255,4094.84,4102.325,4940
1761174000,4102.335,4104.89,4084.72,4090.6,8095
1761174900,4090.645,4092.1,4080.6,4086.085,7087
1761175800,4086.08,4094.82,4083.69,4088.89,6164
1761176700,4088.91,4093.37,4085.28,4087.64,10278
1761177600,4087.645,4096.73,4083.34,4085.805,14660
1761178500,4085.83,4087.87,4065.9,4076.445,18633
1761179400,4076.455,4084.675,4071.635,4081.93,10041
1761180300,4081.895,4086.015,4079.675,4082.15,11176
1761181200,4082.17,4082.185,4071.845,4077.75,16395
1761182100,4077.78,4093.095,4074.04,4087.295,11683
1761183000,4087.315,4091.595,4081.305,4081.975,11567
1761183900,4081.97,4087.215,4072.93,4073.165,12246
1761184800,4073.185,4079.13,4071.96,4075.83,7913
1761185700,4075.945,4085.115,4072.38,4081.36,9144
1761186600,4081.325,4084.785,4076.41,4079.86,12681
1761187500,4079.84,4085.495,4078.79,4082.61,8899
1761188400,4082.615,4088.69,4077.89,4088.655,11885
1761189300,4088.67,4101.035,4088.67,4095.515,9596
1761190200,4095.5,4096.095,4089.745,4093.6,6130
1761191100,4093.605,4094.38,4089.855,4091.4,6463
1761192000,4091.405,4092.055,4087.7,4091.605,5780
1761192900,4091.625,4093.2,4079.895,4084.725,4944
1761193800,4084.715,4090.295,4082.585,4087.73,4690
1761194700,4087.755,4091.4,4086.525,4089.605,6464
1761195600,4089.68,4094.02,4088.47,4091.065,7217
1761196500,4091.075,4091.875,4084.075,4089.74,6269
1761197400,4089.73,4098.605,4088.84,4096.875,8304
1761198300,4096.845,4110.63,4096.725,4110.55,7166
1761199200,4110.56,4137.745,4110.48,4129.935,17043
1761200100,4129.86,4132.68,4120.595,4125.18,15767
1761201000,4124.965,4127.56,4113.2,4122.475,13889
1761201900,4122.4,4124.295,4110.685,4113.775,10144
1761202800,4113.755,4121.24,4112.46,4114.39,10547
1761203700,4114.375,4120.49,4113.37,4115.425,10091
1761204600,4115.43,4115.705,4092.06,4102.69,15845
1761205500,4102.7,4104.955,4093.68,4094.205,10873
1761206400,4094.23,4115.045,4094.23,4111.59,13467
1761207300,4111.575,4118.975,4110.475,4114.03,9368
1761208200,4114.18,4115.555,4108.605,4111.615,4861
1761209100,4111.61,4118.71,4109.13,4116.33,4151
1761210000,4116.43,4121.165,4111.07,4118.445,4923
1761210900,4118.47,4123.665,4117.57,4122.2,5666
1761211800,4122.15,4125.43,4111.34,4114.245,4398
1761212700,4114.35,4125.185,4111.345,4124.635,4333
1761213600,4124.66,4125.55,4117.265,4121.38,3343
1761214500,4121.365,4122.025,4108.825,4110.135,5013
1761215400,4110.145,4119.515,4106.785,4110.42,6230
1761216300,4110.36,4113.005,4101.84,4109.16,7734
1761217200,4109.255,4121.115,4107.88,4116.66,7298
1761218100,4116.6,4118.24,4112.085,4113.55,5839
1761219000,4113.675,4117.07,4109.725,4114.355,8640
1761219900,4114.325,4117.73,4107.575,4109.66,6975
1761220800,4109.57,4116.36,4103.855,4105.075,7535
1761221700,4105.105,4110.165,4100.14,4109.435,10905
1761222600,4109.465,4128.045,4109.14,4118.945,14128
1761223500,4118.93,4129.25,4118.93,4127.135,6808
1761224400,4127.225,4136.87,4125.785,4135.34,13502
1761225300,4134.995,4150.04,4131.055,4147.335,12384
1761226200,4147.32,4149.74,4132.36,4149.73,17341
1761227100,4149.745,4150.99,4138,4145.12,18437
1761228000,4145.01,4154.79,4140.335,4142.375,19067
1761228900,4142.445,4147.575,4136.14,4147.245,20234
1761229800,4147.315,4147.65,4140.375,4144.405,14281
1761230700,4144.355,4152.005,4140.15,4148.365,15348
1761231600,4148.395,4151.965,4142.415,4144.625,14620
1761232500,4144.615,4148.09,4137.195,4144.93,13386
1761233400,4145.145,4146.99,4138.975,4143.07,13744
1761234300,4143.055,4145.285,4137.145,4141.945,14061
1761235200,4141.95,4148.74,4141.455,4143.845,7743
1761236100,4143.86,4144.16,4132.53,4140.685,8557
1761237000,4140.675,4143.78,4127.695,4128.725,9885
1761237900,4128.67,4134.705,4125.75,4132.995,7578
1761238800,4132.99,4139.28,4128.28,4138.23,11580
1761239700,4138.22,4138.275,4125.105,4129.73,9892
1761240600,4130.025,4136.82,4126.77,4134.35,6306
1761241500,4134.375,4138.52,4132.305,4137.81,7525
1761242400,4137.805,4141.34,4133.155,4140.71,8069
1761243300,4140.725,4143.6,4137.07,4142.85,9207
1761244200,4142.895,4142.915,4136.455,4139.975,6900
1761245100,4139.955,4140.325,4133.78,4136.35,7644
1761246000,4136.315,4138.31,4133.845,4135.28,6324
1761246900,4135.27,4135.73,4125.97,4128.64,6789
1761247800,4128.625,4128.835,4117.535,4119.88,10499
1761248700,4119.915,4122.135,4116.61,4118.45,10900
1761249600,4118.55,4119.28,4111.015,4113.455,5493
1761250500,4113.525,4116.18,4107.815,4108.515,3866
1761251400,4108.51,4117.535,4107.535,4115.3,2975
1761252300,4115.28,4126.075,4114.685,4126.075,1531
1761256800,4125.85,4128.8,4119.32,4126.74,1879
1761257700,4126.615,4126.635,4117.495,4122.215,2695
1761258600,4121.945,4122.89,4111.855,4111.87,2085
1761259500,4111.815,4118.63,4111.465,4116.275,2296
1761260400,4116.345,4119.91,4113.92,4116.13,3077
1761261300,4116.14,4116.155,4111.2,4112.24,3059
1761262200,4112.235,4117.46,4106.035,4117.46,2887
1761263100,4117.485,4122.885,4115.035,4121.665,3725
1761264000,4121.435,4132.45,4117.805,4128.655,6015
1761264900,4128.565,4133.39,4125.46,4133.115,3997
1761265800,4133.11,4133.895,4126.455,4127.775,1970
1761266700,4127.77,4133.225,4127.145,4132.87,3660
1761267600,4132.9,4143.295,4127.775,4143.165,8425
1761268500,4143.19,4144.535,4131.035,4136.885,5629
1761269400,4136.685,4137.715,4121.905,4125.915,6796
1761270300,4125.815,4126.715,4112.035,4118.79,8257
1761271200,4118.79,4119.24,4111.85,4114.59,5465
1761272100,4114.585,4117.345,4109.515,4111.945,5197
1761273000,4111.91,4117.545,4111.265,4114.61,4775
1761273900,4114.635,4117.065,4109.425,4109.71,5401
1761274800,4109.67,4118.21,4107.58,4118.1,6581
1761275700,4118.105,4119.795,4111.675,4117.295,4645
1761276600,4117.265,4117.88,4113.805,4117.11,4354
1761277500,4117.12,4123.665,4116.46,4122.475,5751
1761278400,4122.44,4123.405,4115.725,4116.535,4800
1761279300,4116.66,4116.755,4105.09,4106.95,7265
1761280200,4106.935,4107.7,4102.8,4106.76,7005
1761281100,4106.77,4113.785,4106.6,4111.555,6893
1761282000,4111.92,4118.01,4111.26,4115.22,4448
1761282900,4115.16,4118.025,4110.655,4112.78,5237
1761283800,4112.76,4113.625,4105.165,4108.68,7604
1761284700,4108.675,4113.435,4102.825,4104.5,8533
1761285600,4104.525,4104.81,4081.98,4083.44,13026
1761286500,4083.445,4091.43,4081.425,4089.725,11482
1761287400,4089.71,4096.34,4083.485,4093.43,11890
1761288300,4093.425,4097.51,4090.635,4092.3,8909
1761289200,4092.29,4096.095,4090.58,4095.115,8471
1761290100,4095.07,4095.445,4086.645,4088.68,8302
1761291000,4088.735,4091.505,4082.285,4087.2,8918
1761291900,4087.2,4088.45,4069.78,4074.3,12206
1761292800,4074.315,4077.895,4052.12,4054.605,16970
1761293700,4054.615,4058.22,4047.555,4053.97,12376
1761294600,4053.985,4064.31,4050.385,4056.54,7986
1761295500,4056.655,4069.75,4055.795,4065.515,5819
1761296400,4065.5,4072.625,4062.45,4071.72,8167
1761297300,4071.755,4073.41,4068.945,4069.79,5029
1761298200,4069.775,4073.735,4064.905,4069.845,7378
1761299100,4069.86,4072.11,4054.285,4060.875,7661
1761300000,4060.92,4070.855,4059.565,4067.12,7112
1761300900,4067.125,4067.735,4058.55,4059.215,3135
1761301800,4059.175,4063.03,4054.57,4058.435,5520
1761302700,4058.41,4060.67,4053.545,4054.865,5459
1761303600,4054.875,4061.96,4043.515,4058.87,13990
1761304500,4058.87,4061.49,4054.735,4056.66,9737
1761305400,4056.655,4060.455,4054.605,4058.5,5757
1761306300,4058.48,4065.71,4057.85,4061.46,8596
1761307200,4061.52,4065.57,4059.9,4062.4,10823
1761308100,4062.445,4064.71,4059.935,4061.555,6131
1761309000,4061.505,4094.18,4061.135,4083.225,24496
1761309900,4083.215,4084.715,4074.37,4082.265,14467
1761310800,4082.36,4115.8,4078.975,4111.79,20979
1761311700,4111.755,4122.315,4109.45,4114.105,15679
1761312600,4114.005,4120.16,4098.63,4106.1,19382
1761313500,4106,4109.935,4097.865,4106.9,19535
1761314400,4106.885,4135.32,4102.145,4131.72,18398
1761315300,4131.22,4135.075,4119.66,4123.89,16247
1761316200,4123.915,4131.51,4121.175,4129.485,13931
1761317100,4129.49,4131.22,4112.335,4117.63,14324
1761318000,4117.615,4123.57,4115.07,4118.97,12228
1761318900,4119.025,4128.87,4113.27,4125.625,11311
1761319800,4125.65,4130.445,4123.22,4126.965,12552
1761320700,4127.06,4131.91,4120.86,4130.545,13770
1761321600,4130.55,4136.79,4127.4,4133.03,9039
1761322500,4132.9,4138.67,4130.15,4136.47,10298
1761323400,4136.495,4137.155,4121.9,4130.87,9516
1761324300,4130.71,4133.24,4126.055,4129.495,12605
1761325200,4129.535,4134.39,4126.22,4126.64,11912
1761326100,4126.66,4127.635,4120.385,4121.44,9070
1761327000,4121.4,4124.295,4111.69,4112.33,5263
1761327900,4112.365,4116.97,4105.805,4107.73,5704
1761328800,4107.775,4109.64,4102.205,4104.805,7266
1761329700,4104.76,4110.81,4102.035,4106.21,6592
1761330600,4106.3,4113.73,4103.885,4107.11,4273
1761331500,4107.2,4111.58,4105.52,4110.43,6208
1761332400,4110.48,4117.68,4110.02,4114.71,6402
1761333300,4114.735,4117.235,4111.03,4113.04,5058
1761334200,4113.03,4113.97,4108.85,4109.505,3608
1761335100,4109.53,4109.81,4102.37,4104.205,7251
1761336000,4104.195,4104.475,4096.625,4100.5,4429
1761336900,4100.55,4102.565,4098.28,4100.18,2356
1761337800,4100.185,4110.12,4099.89,4109.015,3647
1761338700,4109.02,4114.605,4107.55,4114.125,3925
1761516000,4085.7,4107.575,4073.645,4104.84,8561
1761516900,4104.845,4109,4091.3,4091.765,6629
1761517800,4091.72,4100.455,4080.085,4080.405,7550
1761518700,4080.395,4085.225,4071.925,4081.875,7741
1761519600,4081.91,4088.785,4079.025,4082.89,5915
1761520500,4082.895,4087.055,4073.21,4074.725,4906
1761521400,4074.69,4080.56,4064.305,4067.535,6289
1761522300,4067.455,4071.25,4061.675,4064.665,7537
1761523200,4064.66,4072.69,4058.205,4069.38,6928
1761524100,4069.405,4071.76,4062.445,4068.015,5231
1761525000,4068.02,4077.185,4067.67,4075.235,4699
1761525900,4075.07,4084.435,4074.58,4081.27,6816
1761526800,4081.295,4096.39,4074.94,4090.195,13384
1761527700,4090.24,4097.87,4088.945,4093.7,7205
1761528600,4093.695,4094.13,4081.485,4088.36,10961
1761529500,4088.415,4090.725,4081.51,4082.065,8769
1761530400,4082.075,4082.375,4071.73,4078.56,8867
1761531300,4078.665,4081.63,4071.18,4073.1,6476
1761532200,4073.06,4079.575,4071.955,4078.235,8199
1761533100,4078.145,4078.145,4070.345,4071.755,5795
1761534000,4071.745,4076.8,4065.34,4075.555,7966
1761534900,4075.525,4079.33,4070.285,4077.19,8370
1761535800,4077.205,4081.875,4075.225,4080.235,4368
1761536700,4080.175,4080.355,4068.975,4069.745,3925
1761537600,4069.715,4069.775,4053.71,4057.645,7449
1761538500,4057.71,4065.46,4054.565,4062.74,6008
1761539400,4062.85,4065.205,4058.1,4060.755,6147
1761540300,4060.72,4071.94,4060.175,4068.835,7067
1761541200,4068.855,4075.125,4068.55,4073.645,6390
1761542100,4073.655,4084.68,4073.055,4081.89,5208
1761543000,4082.005,4084.12,4078.1,4079.94,8140
1761543900,4079.91,4084.005,4076.305,4079.87,6401
1761544800,4079.865,4085.17,4077.28,4079.75,7096
1761545700,4079.675,4084.035,4078.275,4082.065,8051
1761546600,4082.08,4083.595,4078.89,4079.935,5896
1761547500,4079.975,4083.17,4074.055,4078.325,11130
1761548400,4078.33,4079.87,4070.2,4071.635,10199
1761549300,4071.635,4074.745,4065.955,4068.43,9025
1761550200,4068.455,4071.495,4066.685,4070.69,7747
1761551100,4070.68,4070.965,4064.02,4068.945,8413
1761552000,4068.93,4068.93,4063.685,4066.795,11737
1761552900,4066.775,4070.455,4056.115,4058.705,8829
1761553800,4058.715,4062.61,4058.345,4058.925,9791
1761554700,4058.885,4061.78,4024.34,4043.58,14919
1761555600,4043.545,4050.41,4029.91,4036.69,15138
1761556500,4036.61,4043.385,4033.89,4037.555,10418
1761557400,4037.475,4049.78,4036.505,4042.84,7800
1761558300,4042.74,4048.345,4038.79,4039.96,6965
1761559200,4039.77,4047.805,4037.24,4043.475,6741
1761560100,4043.45,4045.28,4034.905,4036.125,6208
1761561000,4036.26,4045.96,4028.895,4041.385,7262
1761561900,4041.475,4042.575,4035.475,4037.565,7846
1761562800,4037.62,4041.545,4020.84,4030.62,12478
1761563700,4030.59,4032.815,4027.925,4030.24,10468
1761564600,4030.245,4031.05,4015.29,4020.5,12219
1761565500,4020.44,4031.91,4019.325,4024.16,10397
1761566400,4024.155,4038.17,4022.555,4032.765,14907
1761567300,4032.76,4041.99,4032.36,4034.81,11884
1761568200,4034.74,4038.155,4030.335,4034.94,12697
1761569100,4034.955,4046.655,4034.665,4046.06,14622
1761570000,4046.115,4050.61,4038.955,4039.68,11837
1761570900,4039.645,4043.885,4031.515,4033.95,13712
1761571800,4033.845,4039.02,4018.085,4025.745,26923
1761572700,4025.73,4027.41,4013.525,4022.23,24601
1761573600,4022.23,4023.665,4000.32,4005.015,26369
1761574500,4004.845,4007.795,3985.415,3999.065,26122
1761575400,3999.13,4000.435,3983.09,3994.795,21721
1761576300,3994.78,3999.385,3984.295,3988.225,23272
1761577200,3988.235,3988.515,3971.445,3978.93,23437
1761578100,3978.99,3988.415,3975.915,3987.105,19547
1761579000,3987.115,3993.72,3979.555,3981.575,18359
1761579900,3981.565,3990.495,3981.2,3989.965,12405
1761580800,3989.98,3995.025,3986.535,3993.87,15013
1761581700,3993.885,3998.145,3987.115,3987.135,14861
1761582600,3987.18,3995.305,3984.25,3993.425,14679
1761583500,3993.43,4000.585,3991.86,3999.44,13618
1761584400,3999.47,4004.32,3997.28,3998.65,13811
1761585300,3998.64,4006.285,3990.81,4005.295,15799
1761586200,4005.395,4007.085,3999.115,4002.635,11369
1761587100,4002.65,4009.075,4002.56,4006.635,14175
1761588000,4006.645,4010.305,4002.675,4009.6,12572
1761588900,4009.605,4010.11,4005.65,4008.405,14081
1761589800,4008.415,4009.635,4001.055,4003.735,12974
1761590700,4003.72,4008.335,3997.905,3999.875,14153
1761591600,3999.89,4005.67,3995.54,4001.35,12818
1761592500,4001.33,4003.08,3988.92,3989.32,14009
1761593400,3989.575,3992.615,3987.155,3988,13799
1761594300,3987.995,3991.755,3985.735,3990.35,14327
1761595200,3990.34,3993.915,3987.625,3992.81,7615
1761596100,3992.79,4000.385,3992.74,4000.15,4387
1761597000,4000.155,4000.245,3987.35,3987.955,6079
1761597900,3988.04,3988.095,3979.335,3981.985,6291
1761602400,3990.015,3997.02,3983.685,3985.61,2503
1761603300,3985.73,3994.71,3984.28,3992.45,3128
1761604200,3992.165,3994.455,3988.66,3992.565,1869
1761605100,3992.55,3992.805,3988.635,3990.075,2649
1761606000,3990.095,3991.875,3983.25,3983.405,5292
1761606900,3983.365,3995.42,3983.305,3995.31,4230
1761607800,3995.32,4004.62,3995.05,4000.72,5621
1761608700,4000.69,4001.55,3994.29,3998.66,4131
1761609600,3998.655,3999.1,3985.425,3986.445,5854
1761610500,3986.46,3988.81,3972.93,3984.545,6497
1761611400,3984.525,4001.105,3983.57,3999.57,8773
1761612300,3999.56,4009.7,3996.74,4006.67,8582
1761613200,4006.65,4019.595,4004.355,4018.035,14330
1761614100,4018.05,4019.805,4009.515,4009.865,9852
1761615000,4009.84,4012.555,4004.665,4010.54,9233
1761615900,4010.555,4015.585,4009.975,4011.08,7598
1761616800,4011.1,4013.935,4004.41,4005.16,8934
1761617700,4005.15,4005.76,3997.055,4001.015,5838
1761618600,4000.97,4002.115,3986.01,3994.415,9440
1761619500,3994.505,3994.805,3980.5,3984.03,8280
1761620400,3984.015,3989.825,3983.375,3989.63,6800
1761621300,3989.64,3994.58,3986.74,3990.46,6131
1761622200,3990.395,3991.065,3985.325,3987.27,3116
1761623100,3987.285,3993.935,3987.2,3993.07,3502
1761624000,3993.155,3994.495,3985.735,3987.765,5403
1761624900,3987.755,3988.515,3963.62,3971.86,9108
1761625800,3971.865,3980.865,3967.095,3977.2,7327
1761626700,3977.325,3978.72,3971.425,3973.695,5688
1761627600,3973.94,3979.25,3970.3,3976.86,6114
1761628500,3976.46,3980.1,3968.795,3975.49,5361
1761629400,3975.48,3976.315,3959.02,3960.52,9439
1761630300,3960.515,3968.335,3959.905,3966.535,6812
1761631200,3966.545,3968.585,3953.19,3955.59,8530
1761632100,3955.575,3959.585,3951.59,3953.01,7104
1761633000,3952.995,3957.52,3943.59,3943.635,10308
1761633900,3943.63,3946.85,3938.335,3942.525,10825
1761634800,3942.515,3948.905,3936.185,3946.455,8576
1761635700,3946.36,3947.93,3930.75,3931.15,10481
1761636600,3931.155,3934.15,3921.72,3931.055,8413
1761637500,3931.015,3936.555,3927.91,3932.495,10808
1761638400,3932.64,3935.9,3921.74,3921.845,9820
1761639300,3921.825,3924.585,3910.705,3914.945,14011
1761640200,3914.75,3916.765,3900.595,3905.54,10835
1761641100,3905.6,3910.18,3896.46,3897.275,10753
1761642000,3897.285,3904.315,3886.465,3897.445,12178
1761642900,3897.395,3907.925,3895.48,3904.9,8204
1761643800,3904.855,3911.26,3899.065,3910.09,9301
1761644700,3910.045,3910.785,3897.63,3904.635,8949
1761645600,3904.64,3909.23,3901.31,3902.12,8924
1761646500,3902.17,3909.375,3900.065,3905.32,8784
1761647400,3905.295,3922.995,3904.63,3915.66,10219
1761648300,3915.515,3931.53,3915.075,3926.74,10333
1761649200,3926.84,3927.49,3912.095,3916.22,14707
1761650100,3916.215,3920.81,3910.94,3918.23,11888
1761651000,3918.185,3928.96,3917.69,3928.085,12242
1761651900,3927.98,3930.1,3921.99,3923.455,9630
1761652800,3923.45,3928.94,3921.665,3926.315,9754
1761653700,3926.305,3929.89,3921.745,3921.84,13064
1761654600,3921.725,3926.28,3915.575,3916.2,14784
1761655500,3916.22,3916.585,3905.42,3912.815,14390
1761656400,3912.95,3929.28,3912.26,3923.11,18056
1761657300,3923.135,3933.985,3922.86,3932.625,13780
1761658200,3932.705,3933.865,3915.05,3922.765,20827
1761659100,3922.765,3940.445,3919.8,3939.085,22744
1761660000,3939.015,3944.77,3934.935,3939.065,16880
1761660900,3939.19,3950.15,3938.455,3949.845,19448
1761661800,3949.83,3950.295,3939.825,3946.175,17022
1761662700,3946.17,3954.065,3942.64,3949.72,13249
1761663600,3949.725,3960.18,3947.035,3959.285,17100
1761664500,3959.265,3960.585,3956.645,3958.545,9603
1761665400,3958.435,3964.785,3957.595,3963.57,9601
1761666300,3963.555,3969.615,3963.42,3964.89,7473
1761667200,3964.94,3965.605,3954.92,3963.51,12410
1761668100,3963.485,3964.99,3961.005,3963.25,7185
1761669000,3963.275,3964.87,3951.155,3955.67,15221
1761669900,3955.65,3959.925,3952.945,3958.73,9255
1761670800,3958.735,3969.94,3956.795,3969.66,8793
1761671700,3969.675,3970.465,3964.38,3967.345,6311
1761672600,3967.375,3969.265,3961.615,3964.06,6553
1761673500,3964.12,3965.43,3955.38,3962.35,7478
1761674400,3962.405,3964.155,3955.135,3959.595,6984
1761675300,3959.625,3960.695,3952.635,3954.605,6246
1761676200,3954.625,3955.305,3945.15,3952.11,9666
1761677100,3952.085,3957.485,3949.61,3956.47,6804
1761678000,3956.465,3958.715,3951.12,3953.695,9722
1761678900,3953.69,3958.83,3952.085,3955.75,9687
1761679800,3955.775,3957.64,3950.805,3956.52,4875
1761680700,3956.575,3962.775,3955.145,3960.395,10060
1761681600,3960.28,3961.01,3951.685,3954.4,3604
1761682500,3954.375,3957.775,3949.78,3951.42,3223
1761683400,3951.44,3956.585,3951.44,3955.205,3713
1761684300,3955.26,3955.495,3950.19,3953,1847
1761688800,3955.945,3956.025,3907.925,3937.12,4582
1761689700,3937.25,3950.605,3926.545,3946.5,6120
1761690600,3946.54,3947.955,3939.805,3943.425,3328
1761691500,3943.425,3943.425,3933.96,3934.17,5074
1761692400,3934.165,3949.26,3934.11,3947.575,3907
1761693300,3947.56,3954.325,3947.08,3951.12,2525
1761694200,3950.97,3959.87,3947.475,3959.84,3108
1761695100,3959.855,3967.85,3955.02,3964.945,6274
1761696000,3964.94,3969.32,3959.195,3961.88,7385
1761696900,3961.905,3972.245,3959.7,3971.145,3973
1761697800,3971.01,3982.495,3967.035,3981.595,6748
1761698700,3981.67,3982.26,3972.29,3975.325,7421
1761699600,3975.285,3979.9,3968.685,3977.145,9705
1761700500,3977.11,3979.37,3972.545,3973.51,9422
1761701400,3973.46,3974.9,3966.225,3967.745,10382
1761702300,3967.61,3977.255,3967.115,3973.75,8684
1761703200,3973.745,3974.38,3965.155,3966.755,6955
1761704100,3966.68,3970.27,3962.27,3963.685,6390
1761705000,3963.72,3965.065,3943.825,3954.44,12219
1761705900,3954.455,3961.65,3951.425,3961.285,8258
1761706800,3961.315,3964.295,3958.85,3959.355,8770
1761707700,3959.375,3970.39,3958.62,3964.795,10950
1761708600,3964.635,3972.45,3963.28,3969.77,7568
1761709500,3969.775,3970.78,3962.47,3963.525,4201
1761710400,3963.53,3965.075,3955.67,3955.995,6603
1761711300,3956,3962.055,3951.01,3953.425,8502
1761712200,3953.425,3960.27,3952.365,3959,3908
1761713100,3959.015,3959.37,3951.655,3952.085,3011
1761714000,3952.23,3963.545,3950.79,3956.055,5411
1761714900,3956.215,3960.975,3953.58,3957.95,4660
1761715800,3957.975,3966.39,3954.105,3965.105,6262
1761716700,3965.085,3965.745,3957.8,3962.765,6988
1761717600,3962.725,3970.73,3960.075,3968.595,8903
1761718500,3968.615,3974.325,3966.22,3970.79,7190
1761719400,3970.795,3981.925,3970.25,3981.19,7988
1761720300,3981.05,3984.81,3974.84,3978.38,8127
1761721200,3978.345,3997.36,3974.89,3995.26,11515
1761722100,3995.265,3998.8,3993.32,3996.61,10136
1761723000,3996.615,3997.505,3989.945,3995.035,10105
1761723900,3995.03,4001.765,3991.465,4001.765,7494
1761724800,4001.77,4010.095,4000.485,4007.39,8351
1761725700,4007.23,4011.285,4003.66,4010.36,6433
1761726600,4010.17,4014,4007.275,4011.055,6068
1761727500,4010.98,4018.595,4010.25,4017.015,7200
1761728400,4016.98,4021.795,4015.285,4016.345,9785
1761729300,4016.555,4020.09,4013.5,4017.35,7973
1761730200,4017.36,4020.815,4015.74,4019.565,10200
1761731100,4019.56,4029.68,4019.36,4023.935,11608
1761732000,4023.98,4025.96,4017.08,4022.24,9162
1761732900,4022.265,4029.67,4021.48,4024.655,9094
1761733800,4024.575,4029.595,4021.215,4026.305,9638
1761734700,4026.33,4029.835,4022.915,4023.59,8213
1761735600,4023.605,4028.565,4022.18,4022.28,7710
1761736500,4022.26,4025.68,4018.115,4018.43,12334
1761737400,4018.555,4021.1,4014.64,4018.165,11682
1761738300,4018.145,4019.635,4013.54,4016.61,11738
1761739200,4016.64,4029.28,4013.53,4028.445,14720
1761740100,4028.45,4030.34,4023.05,4026.395,15650
1761741000,4026.415,4028.89,4021.955,4026.175,9388
1761741900,4026.19,4028.125,4023.24,4025.55,12271
1761742800,4025.56,4025.79,4010.115,4012.665,13877
1761743700,4012.68,4019.73,4012.635,4018.6,10016
1761744600,4018.66,4019.47,4002.39,4006.87,22958
1761745500,4006.77,4014.105,4002.685,4012.47,17212
1761746400,4012.475,4022.51,4011.575,4017.05,18886
1761747300,4017.08,4020.02,4014.39,4016.785,16040
1761748200,4016.775,4021.06,4009.215,4010.265,14383
1761749100,4010.255,4015.13,4007.19,4008.45,15514
1761750000,4008.45,4012.025,4004.565,4009.495,17718
1761750900,4009.5,4010.13,4001.61,4006.67,16222
1761751800,4006.675,4008.915,4002.9,4004.11,9740
1761752700,4004.105,4004.11,3989.52,3993.1,19778
1761753600,3993.225,3999.725,3991.435,3997.48,13115
1761754500,3997.46,4001.24,3996.145,3998.645,9187
1761755400,3998.6,3998.74,3993.165,3995.21,7956
1761756300,3995.18,4000.005,3992.195,3992.865,7368
1761757200,3992.795,3997.9,3989.4,3997.9,10448
1761758100,3997.875,3997.94,3985.98,3987.075,11614
1761759000,3987.085,3995.425,3986.4,3992.06,7145
1761759900,3991.91,3995.99,3991.505,3994.84,3114
1761760800,3994.9,4007.875,3978.655,3983.285,28523
1761761700,3983.32,3989.595,3976.79,3981.14,15053
1761762600,3981.385,3989.83,3942.71,3954.245,37204
1761763500,3954.335,3972.755,3947.85,3969.4,30717
1761764400,3969.315,3979.9,3953.54,3970.62,24524
1761765300,3970.68,3974.755,3951.4,3953.39,19026
1761766200,3953.515,3954.82,3927.86,3929.19,21828
1761767100,3929.18,3949.74,3929.135,3945.825,22040
1761768000,3945.845,3949.7,3932.68,3941.25,9034
1761768900,3941.285,3954.375,3937.245,3948.915,6857
1761769800,3948.93,3950.435,3935.275,3936.46,6390
1761770700,3936.43,3941.38,3927.955,3930.615,5301
1761775200,3921.61,3939.875,3916.59,3937.825,4327
1761776100,3937.85,3945.045,3924.96,3937.36,5727
1761777000,3937.48,3942.41,3931.44,3941.395,4752
1761777900,3941.57,3948.515,3940.61,3941.45,3957
1761778800,3941.46,3948.76,3939.695,3946.255,4580
1761779700,3946.25,3951.27,3943.96,3950.455,3319
1761780600,3950.47,3950.77,3944.135,3945.115,2609
1761781500,3945.11,3954.335,3941.225,3952.975,4519
1761782400,3952.93,3963.49,3952.1,3956.775,6893
1761783300,3956.75,3964.36,3955.115,3959.995,3664
1761784200,3960,3960.16,3941.38,3942.035,4816
1761785100,3942.02,3953.745,3938.09,3950.48,7877
1761786000,3950.485,3966.8,3945.615,3950.68,10406
1761786900,3950.67,3957.465,3945.24,3950.44,10935
1761787800,3950.43,3960.02,3947.82,3957.89,9182
1761788700,3957.895,3958.65,3945.845,3948.15,8246
1761789600,3948.09,3948.445,3926.28,3936.775,13014
1761790500,3936.78,3938.58,3932.48,3934.01,6885
1761791400,3934.24,3942.175,3930.795,3936.995,7956
1761792300,3937,3938.58,3921.825,3921.96,7591
1761793200,3922.055,3929.7,3915.52,3929.01,10630
1761794100,3928.965,3934.935,3926.04,3933.035,9262
1761795000,3933.08,3937.65,3931.78,3932.76,6398
1761795900,3932.735,3938.305,3929.925,3938.21,4800
1761796800,3938.235,3943.835,3934.735,3943.445,6564
1761797700,3943.24,3959.61,3941.545,3959.61,6373
1761798600,3959.605,3982.665,3958.7,3978.995,12645
1761799500,3979.035,3981.915,3971.61,3972.47,7458
1761800400,3972.505,3978.24,3961.57,3963.01,8705
1761801300,3962.94,3965.07,3948.65,3950.46,9298
1761802200,3950.26,3963.585,3947.035,3962.68,10793
1761803100,3962.685,3973.83,3960.935,3963.975,8554
1761804000,3963.985,3971.115,3956.22,3962.385,9309
1761804900,3962.41,3970.82,3958.565,3964.91,8216
1761805800,3964.895,3968.335,3956.89,3965.655,9373
1761806700,3965.705,3977.415,3961.735,3976.96,6942
1761807600,3976.955,3977.54,3969.2,3970.555,9323
1761808500,3970.565,3972.775,3960.345,3968.705,8326
1761809400,3968.73,3969.815,3958.545,3962.275,8045
1761810300,3962.28,3962.28,3955.94,3961.28,8808
1761811200,3961.295,3969.47,3960.36,3965.735,9419
1761812100,3965.77,3974.72,3964.355,3973.095,9099
1761813000,3973.085,3975.43,3968.47,3973.95,5853
1761813900,3973.955,3977.02,3971.545,3976.585,6040
1761814800,3976.56,4006.995,3976.155,4005.35,8872
1761815700,4005.375,4011.705,3999.96,4004.515,7787
1761816600,4004.495,4007.535,4000.13,4005.785,8770
1761817500,4005.775,4006.4,3992.35,3998.69,8648
1761818400,3998.68,4000.925,3996.215,3998.335,7375
1761819300,3998.345,3999.38,3982.525,3987.09,9892
1761820200,3987.065,3988.215,3973.655,3982.34,11325
1761821100,3982.335,3987.055,3979.8,3984.19,8352
1761822000,3984.245,3985.045,3976.835,3977.265,10445
1761822900,3977.245,3977.68,3964.02,3966.145,10352
1761823800,3966.125,3976.6,3965.195,3973.5,8454
1761824700,3973.49,3976.815,3970.97,3974.515,7778
1761825600,3974.55,3983.02,3973.57,3982.35,14306
1761826500,3982.335,3985.685,3970.795,3970.98,14408
1761827400,3970.965,3980.265,3966.63,3976.9,12524
1761828300,3976.89,3978.89,3961.215,3961.48,16097
1761829200,3961.44,3977.665,3960.32,3975.425,17667
1761830100,3975.535,3976.285,3969.455,3969.675,13387
1761831000,3969.775,3979.2,3963.27,3975.355,21981
1761831900,3975.38,3995.365,3973.91,3995.365,25208
1761832800,3995.385,4015.1,3991.925,4011.24,25767
1761833700,4011.28,4013.485,3995.83,3998.545,26858
1761834600,3998.555,4001.135,3986.925,3993.39,21086
1761835500,3993.31,4002.305,3989.395,3996.425,13760
1761836400,3996.4,4004.215,3988.17,4000.39,15837
1761837300,4000.17,4002.97,3994.495,3998.935,10154
1761838200,3998.875,4005.485,3997.87,4004.785,7811
1761839100,4004.82,4008.775,4000.78,4001.76,15947
1761840000,4001.75,4004.135,3994.245,3995.21,7014
1761840900,3995.275,3998.81,3991.165,3995.515,12669
1761841800,3995.48,4002.785,3994.885,4002.78,8030
1761842700,4002.75,4003.11,3997.095,4001.55,5041
1761843600,4001.545,4004.095,3995.435,3995.545,4320
1761844500,3995.525,4003.705,3994.485,4002.51,3704
1761845400,4002.58,4010.77,4002.12,4010.255,4411
1761846300,4010.24,4018.05,4003.36,4004.505,7775
1761847200,4004.625,4007.68,4000.06,4005.58,8012
1761848100,4005.585,4013.085,4003.455,4013.045,8812
1761849000,4012.945,4017.545,4007.335,4011.075,8459
1761849900,4011.07,4017.715,4009.89,4016.225,11607
1761850800,4016.165,4025.77,4015.39,4025.07,12177
1761851700,4025.005,4025.93,4018.655,4020.16,14964
1761852600,4020.005,4025.725,4019.955,4024.635,14480
1761853500,4024.605,4025.715,4020.065,4023.355,17019
1761854400,4023.305,4027.12,4021.905,4023.505,4529
1761855300,4023.24,4023.935,4017.89,4019.095,1782
1761856200,4019.175,4020.52,4016.36,4020.245,1653
1761857100,4020.185,4027.235,4019.92,4024.525,2003
1761861600,4021.47,4023.205,4016.46,4022.29,1871
1761862500,4022.325,4022.345,4016.8,4020.905,2377
1761863400,4021.015,4027.365,4021,4024.35,2936
1761864300,4024.36,4046.595,4023.34,4037.725,7001
1761865200,4037.725,4038.585,4018.925,4027.585,6588
1761866100,4027.56,4032.14,4023.35,4028.135,3728
1761867000,4028.205,4035.235,4026.555,4032.14,3274
1761867900,4032.28,4043.25,4032.245,4036.635,4281
1761868800,4036.625,4037.06,4028.93,4032.04,6089
1761869700,4031.995,4034.245,4026.295,4027.525,3673
1761870600,4027.675,4031.35,4026.23,4027.79,4163
1761871500,4027.8,4031.505,4023.93,4025.01,5659
1761872400,4025.04,4039.58,4019.645,4032.815,11066
1761873300,4032.83,4036.155,4028.095,4030.755,9232
1761874200,4030.835,4031,4023.47,4024.03,9565
1761875100,4024.015,4025.7,4012.755,4019,10273
1761876000,4018.795,4019.405,4009.115,4009.91,10302
1761876900,4010,4018.065,4008.63,4013.485,7873
1761877800,4013.48,4015.065,4001.415,4002.995,12139
1761878700,4002.98,4017.395,4002.98,4011.145,10705
1761879600,4011.175,4013.895,3991.235,3994.305,10834
1761880500,3994.39,4001.74,3993.16,4000.53,7738
1761881400,4000.545,4003.85,3997.76,3997.945,5684
1761882300,3997.935,3998.78,3993.8,3996.315,5807
1761883200,3996.33,3997.27,3989.065,3991.64,7997
1761884100,3991.615,4001.15,3991.175,4001.05,4382
1761885000,4001.095,4006.33,3998.685,4000.365,5635
1761885900,4000.395,4010.79,4000.035,4005.9,6353
1761886800,4005.455,4006.415,3996.28,3997.165,7410
1761887700,3997.145,4003.4,3994.115,4002.105,7972
1761888600,4001.965,4006.935,3998.085,4006.835,11344
1761889500,4006.855,4011.38,4003.395,4005.11,12245
1761890400,4005.14,4013.595,4002.17,4009.605,11205
1761891300,4009.725,4014.94,4006.855,4009.41,12012
1761892200,4009.405,4012.215,4007.355,4010.58,9081
1761893100,4010.545,4014.715,4005.53,4013.34,9190
1761894000,4013.335,4016.86,4007.68,4015.935,9346
1761894900,4015.955,4023.74,4014.965,4023.375,8751
1761895800,4023.355,4025.72,4011.875,4012.57,10549
1761896700,4012.545,4024.115,4012.33,4021.235,10428
1761897600,4021.205,4026.82,4019.08,4023.11,8638
1761898500,4023.105,4024.29,4018.53,4021.505,7071
1761899400,4021.515,4026.05,4018.78,4019.915,6832
1761900300,4019.9,4020.99,4006.94,4010.575,10724
1761901200,4010.46,4014.32,4006.41,4006.565,10261
1761902100,4006.51,4008.21,3998.875,4002.415,8184
1761903000,4002.45,4007.085,3999.905,4004.37,7253
1761903900,4004.36,4009.765,4000.3,4008.59,8776
1761904800,4008.63,4016.84,4008.315,4016.075,9263
1761905700,4016.125,4016.665,4010.505,4013.23,7213
1761906600,4013.195,4014.27,4008.415,4010.29,6354
1761907500,4010.195,4010.61,4003.685,4007.515,9104
1761908400,4007.535,4009.56,4004.095,4006.055,8118
1761909300,4006.04,4008.03,4001.745,4005.475,7668
1761910200,4005.51,4008.845,4002.105,4008.77,4641
1761911100,4008.84,4011.295,4006.37,4010.595,5351
1761912000,4010.66,4013.37,4009.19,4012.565,7023
1761912900,4012.58,4025.165,4011.785,4019.465,11724
1761913800,4019.475,4033.21,4016.565,4029.59,15057
1761914700,4029.605,4036.435,4020.815,4023.06,13322
1761915600,4023.05,4035.725,4020.455,4031.31,17723
1761916500,4031.315,4032.185,4025.655,4026.79,13319
1761917400,4026.735,4028.985,4013.235,4016.065,20717
1761918300,4015.985,4022.85,4010.28,4016.73,20914
1761919200,4016.735,4027.32,4016.495,4019.94,19545
1761920100,4019.925,4025.915,4014.795,4015.465,15394
1761921000,4015.4,4021.72,4012.915,4017.02,17534
1761921900,4017.065,4022.635,4011.06,4020.7,17264
1761922800,4020.665,4020.985,4009.635,4017.12,14106
1761923700,4017.14,4019.625,4014.84,4018.065,14035
1761924600,4018.105,4023.04,4016.195,4021.07,18670
1761925500,4021.085,4022.51,4011.56,4012.6,16679
1761926400,4012.55,4015.3,3978.35,3979.21,18131
1761927300,3979.36,3990.465,3972.285,3986.11,22046
1761928200,3986.08,3990.5,3981.85,3984.6,13805
1761929100,3984.565,3986.975,3978.76,3980.72,14894
1761930000,3980.735,3990.945,3980.64,3983.03,11256
1761930900,3983.025,3987.94,3981.335,3984.74,11455
1761931800,3984.72,3999.615,3980.575,3998.63,12024
1761932700,3998.65,4003.835,3996.65,3997.635,11565
1761933600,3997.625,4007.57,3995.505,4006.95,6473
1761934500,4006.935,4010.08,4005.375,4008.51,5885
1761935400,4008.52,4009.085,4002.75,4004,4407
1761936300,4003.95,4006.225,3999.485,3999.92,5735
1761937200,3999.93,4005.475,3998.96,4000.23,6466
1761938100,4000.23,4002.29,3991.205,4001.635,7392
1761939000,4001.72,4001.775,3994.845,3999.345,5395
1761939900,3999.34,4002.3,3996.15,4001.43,8321
1761940800,4001.405,4001.54,3996.28,3998.62,1220
1761941700,3998.74,4002.44,3997.28,4002.025,775
1761942600,4001.94,4006.74,4001.66,4003.895,1895
1761943500,4003.95,4004.99,4001.68,4002.81,2484
1762124400,3995.47,3996.8,3990.91,3996.075,1850
1762125300,3996.185,3999.335,3988.595,3994.68,2427
1762126200,3994.53,3995.865,3978.08,3979.055,4420
1762127100,3979.095,3985.305,3977.91,3979.67,3468
1762128000,3979.605,3988.505,3966.19,3968.29,4255
1762128900,3968.255,3973.38,3962.275,3970.965,6986
1762129800,3970.955,3977.915,3963.28,3972.79,5859
1762130700,3972.69,3977.05,3967.845,3970.755,6151
1762131600,3970.76,3989.455,3965.28,3986.72,12384
1762132500,3986.715,3999.89,3986.62,3998.95,8831
1762133400,3998.89,4002.075,3990.265,3992.14,7157
1762134300,3992.12,4000.295,3990.25,3996.09,6333
1762135200,3996.055,3998.785,3990.445,3995.08,3597
1762136100,3995.065,4006.7,3994.93,3995.805,6168
1762137000,3995.84,4006.265,3995.25,4001.6,6805
1762137900,4001.86,4006.485,3997.845,4004.21,4354
1762138800,4004.265,4011.585,4002.2,4007.765,8644
1762139700,4007.79,4010.605,4005.54,4006.1,5937
1762140600,4006.105,4013.33,4005.47,4010.86,2788
1762141500,4010.97,4015.45,4010.96,4011.29,2559
1762142400,4011.295,4014.53,4006.825,4009.62,3870
1762143300,4009.585,4009.835,4001.85,4005.62,3160
1762144200,4005.555,4007.95,4002.69,4006.99,2511
1762145100,4006.96,4007.545,4002.76,4003.7,2637
1762146000,4003.71,4010.08,3997.705,4006.975,6397
1762146900,4006.98,4012.91,4004.855,4012.04,2738
1762147800,4012.015,4018.33,4012,4014.85,7133
1762148700,4014.855,4016.92,4011.195,4013.935,4501
1762149600,4013.93,4016.755,4010.03,4014.71,5927
1762150500,4014.615,4018.705,4013.24,4016.565,5915
1762151400,4016.585,4018.03,4013.25,4015.64,5543
1762152300,4015.62,4018.795,4013.93,4017.635,5103
1762153200,4017.64,4023.67,4015.165,4015.37,8545
1762154100,4015.375,4020.65,4013.62,4019.115,5670
1762155000,4019.055,4023.295,4015.715,4022.345,6638
1762155900,4022.275,4026.045,4020.51,4025.185,8980
1762156800,4025.195,4028.13,4020.69,4021.705,10048
1762157700,4021.675,4023.62,4011.215,4014.51,7452
1762158600,4014.515,4017.67,4011.955,4016.705,8537
1762159500,4016.715,4020.845,4012.885,4019.715,10981
1762160400,4019.71,4026.11,4016.735,4021.655,10532
1762161300,4021.66,4022.14,4004.97,4007.24,10630
1762162200,4007.245,4008.065,3996.52,3997.39,11147
1762163100,3997.315,4005.36,3993.1,4000.63,9003
1762164000,4000.675,4005.085,3994.44,3997.605,9096
1762164900,3997.54,4000.815,3995.735,3997.915,7080
1762165800,3997.865,4001.32,3994.445,3998.06,7740
1762166700,3998.035,3999.255,3994.635,3998.715,7615
1762167600,3998.645,4002.44,3994.34,4000.67,7664
1762168500,4000.66,4007.14,3998.935,4006.705,8460
1762169400,4006.77,4007.23,4003.1,4005.385,6611
1762170300,4005.39,4008.76,4004.56,4007.69,5908
1762171200,4007.71,4008.805,4004.865,4007.19,7314
1762172100,4007.19,4007.815,4001.905,4005.3,5691
1762173000,4005.29,4011.125,4003.86,4008.34,7238
1762173900,4008.345,4013.8,4007.97,4013.61,6849
1762174800,4013.59,4018.58,4012.14,4015.805,13864
1762175700,4015.79,4019.82,4014.075,4014.505,15963
1762176600,4014.52,4020.765,4010.865,4017.52,13463
1762177500,4017.495,4018.34,4014.845,4016.155,9483
1762178400,4015.96,4020.865,4012.76,4016.205,13769
1762179300,4016.215,4020.555,4009.375,4010.29,12351
1762180200,4010.335,4013.765,4001.755,4012.645,15662
1762181100,4012.665,4026.155,4012.545,4022.855,18407
1762182000,4022.84,4030.825,4022.84,4026.6,20988
1762182900,4026.615,4028.93,4008.645,4011.62,18998
1762183800,4011.54,4022.555,4005.42,4021.455,20257
1762184700,4021.485,4023.81,4003.39,4008.59,19155
1762185600,4008.595,4013.545,4001.775,4004.735,15165
1762186500,4004.7,4005.31,3995.22,3998.17,14395
1762187400,3998.14,4004.61,3996.05,4003.78,11174
1762188300,4003.77,4009.885,4002.03,4008.48,11005
1762189200,4008.495,4010.105,4003.59,4008.51,8354
1762190100,4008.485,4012.245,4006.625,4007.04,9818
1762191000,4007.04,4007.47,4004.555,4005.94,5719
1762191900,4005.905,4007.78,4005.315,4006.23,4188
1762192800,4006.305,4006.98,4001.765,4002.94,5091
1762193700,4002.92,4003.95,3999.57,4001.47,6812
1762194600,4001.525,4009.78,4001.195,4008.41,5655
1762195500,4008.46,4008.635,4003.58,4006.435,5875
1762196400,4006.42,4008.295,3995.445,4003.46,6314
1762197300,4003.475,4006.055,4001.815,4004.09,7721
1762198200,4004.095,4005.115,4000.7,4000.7,5787
1762199100,4000.735,4007.64,3999.87,4004.66,6515
1762200000,4004.655,4012.45,4004.59,4010.31,7286
1762200900,4010.39,4015.06,4009.715,4011.665,8966
1762201800,4011.66,4012.29,4007.175,4009.295,4925
1762202700,4009.305,4012.225,4008.07,4010.315,3926
1762203600,4010.24,4010.24,4004.64,4004.98,1698
1762204500,4005.11,4005.875,4001.15,4002.005,1920
1762205400,4002,4002.945,4000.36,4001.425,1402
1762206300,4001.415,4002.5,4000.12,4001.605,1137
1762210800,4005.115,4005.27,3981.565,3988.77,3252
1762211700,3988.735,3997.895,3988.21,3996.155,4483
1762212600,3996.125,3999.77,3994.62,3997.875,2881
1762213500,3997.9,3999.555,3992.63,3997.27,2952
1762214400,3997.36,3998.915,3990.345,3994.815,6533
1762215300,3994.71,3999.295,3992.535,3993.28,4215
1762216200,3993.275,3993.985,3978.675,3980.25,7341
1762217100,3980.255,3989.36,3980,3986.51,7174
1762218000,3986.58,3992.775,3984.43,3990.155,12586
1762218900,3990.145,3994.81,3981.09,3985.73,11123
1762219800,3985.725,3988.2,3979.64,3987.495,10086
1762220700,3987.295,3990.61,3985.115,3987.545,4647
1762221600,3987.52,3987.535,3975.57,3977.25,7117
1762222500,3977.24,3984.305,3977.24,3984.155,4998
1762223400,3984.125,3985.465,3977.21,3983.455,6142
1762224300,3983.22,3986.81,3975.885,3986.685,7313
1762225200,3986.855,3990.665,3981.7,3988.39,4673
1762226100,3988.395,3993.86,3984.895,3992.725,3090
1762227000,3992.74,3999.465,3991.025,3992.425,3883
1762227900,3992.495,3995.61,3991.255,3994.64,2579
1762228800,3994.615,3995.26,3988.275,3988.945,3202
1762229700,3988.91,3993.35,3988.085,3992.06,2836
1762230600,3992.045,3993.62,3988.155,3988.465,2645
1762231500,3988.45,3991.645,3984.225,3985.645,4862
1762232400,3985.275,3987.055,3981.24,3984.105,4301
1762233300,3984.08,3987.345,3983.045,3983.18,4686
1762234200,3983.175,3985.82,3975.865,3976.5,9237
1762235100,3976.485,3981.64,3972.805,3973.355,8051
1762236000,3973.365,3975.74,3966.605,3974.685,9480
1762236900,3974.695,3976.305,3968.375,3975.71,4491
1762237800,3975.745,3981.175,3973.975,3979.71,6101
1762238700,3979.84,3988.145,3977.585,3985.095,5549
1762239600,3985.165,3990.33,3982.31,3986.985,7057
1762240500,3987.105,3996.585,3985.89,3994.02,5513
1762241400,3994.065,3996.115,3990.36,3991.42,4802
1762242300,3991.395,3996.3,3991.29,3993.9,3891
1762243200,3993.91,3999.47,3991.475,3991.705,6590
1762244100,3991.68,4000.855,3990.665,3999.825,6376
1762245000,3999.83,4000.735,3994.905,3999.155,5287
1762245900,3999.17,4000.38,3995.725,3996.14,4410
1762246800,3996.165,3997.815,3991.21,3991.685,4537
1762247700,3991.625,3994.87,3991.335,3991.965,4199
1762248600,3991.94,3999.62,3991.665,3997.315,5055
1762249500,3997.34,3998.01,3990.535,3991.27,5236
1762250400,3991.245,3994.89,3986.065,3994.675,8457
1762251300,3994.635,3997.045,3991.47,3992.265,8641
1762252200,3992.27,3997.655,3990.74,3995.585,6577
1762253100,3995.635,3996.275,3991.19,3993.94,6679
1762254000,3993.96,3995.925,3991.845,3994.1,4638
1762254900,3994.12,3995.96,3992.86,3994.3,3975
1762255800,3994.315,3995.895,3992.355,3992.475,7270
1762256700,3992.47,4000.085,3991.895,3994.97,9123
1762257600,3994.995,3996.8,3993.48,3996.735,8403
1762258500,3996.74,3997.61,3989.86,3990.365,5714
1762259400,3990.38,3991,3984.11,3990.785,10199
1762260300,3990.77,3992.675,3983.7,3984.765,8740
1762261200,3984.72,3995.56,3983.815,3993.29,13626
1762262100,3993.295,3996.09,3983.035,3984.08,12403
1762263000,3984.06,3988.29,3975.54,3980.415,13790
1762263900,3980.405,3982.425,3971.855,3975.82,13504
1762264800,3975.8,3976.835,3964.28,3975.98,9777
1762265700,3976.015,3977.875,3951.25,3951.47,12533
1762266600,3951.495,3956.785,3928.685,3931.4,23599
1762267500,3931.325,3959.855,3930.93,3957.12,15371
1762268400,3957.08,3958.88,3944.45,3947.335,14037
1762269300,3947.36,3953.085,3941.41,3949.13,12803
1762270200,3949.12,3968.35,3948.27,3965.415,13765
1762271100,3965.445,3966.065,3956.5,3956.91,12078
1762272000,3956.92,3965.81,3956.815,3963.75,11827
1762272900,3963.765,3975.685,3963.755,3972.47,10020
1762273800,3972.46,3974.15,3965.685,3969.72,8879
1762274700,3969.75,3970.48,3963.96,3969.14,8835
1762275600,3969.15,3971.165,3961.875,3964.185,5476
1762276500,3964.33,3965.455,3958.77,3959.48,5575
1762277400,3959.54,3965.2,3959.165,3961.175,6971
1762278300,3961.2,3964.36,3952.375,3955.08,6951
1762279200,3954.825,3956.93,3949.66,3950.61,4207
1762280100,3950.74,3952.865,3945.575,3950.76,8940
1762281000,3950.82,3951.47,3932.04,3938.5,7842
1762281900,3938.425,3941.3,3935.685,3937.81,5826
1762282800,3937.815,3944.245,3934.63,3940.29,6577
1762283700,3940.28,3944.22,3940.16,3942.12,6020
1762284600,3942.065,3943.2,3935.6,3938.025,5969
1762285500,3937.96,3940.13,3936.035,3937.5,3484
1762286400,3937.55,3939.465,3931.275,3934.305,6704
1762287300,3934.395,3937.83,3931.985,3937.42,5000
1762288200,3937.445,3942.2,3936.045,3940.95,6115
1762289100,3941.03,3941.33,3936.45,3938.77,10406
1762290000,3938.79,3939.14,3933.76,3934.28,919
1762290900,3934.315,3935.47,3931.125,3934.145,1734
1762291800,3934.15,3935.215,3930.56,3931.135,2449
1762292700,3931.12,3934.395,3930.61,3932.1,1388
1762297200,3937.93,3940.88,3934.14,3935.85,2181
1762298100,3935.79,3939.92,3935.12,3937.97,2431
1762299000,3938.05,3938.885,3933.5,3938.215,1082
1762299900,3937.975,3937.975,3930.92,3934.6,2254
1762300800,3934.625,3942.96,3932.955,3939.985,2876
1762301700,3940.045,3942.495,3934.505,3938.78,3544
1762302600,3938.91,3939.89,3929.82,3931.62,4352
1762303500,3931.6,3939.785,3929.35,3939.745,6378
1762304400,3939.735,3945.13,3937.155,3943.185,7247
1762305300,3943.035,3948.585,3938.41,3946.235,6700
1762306200,3946.275,3949.56,3943.145,3943.28,11882
1762307100,3943.145,3943.65,3934.6,3937.125,7968
1762308000,3937.06,3945.55,3935.725,3942.35,6031
1762308900,3942.335,3942.465,3936.295,3938.14,6833
1762309800,3938.235,3948.94,3937.98,3945.145,7019
1762310700,3945.15,3951.115,3945.045,3948.685,5635
1762311600,3948.705,3955.825,3947.645,3953.005,4082
1762312500,3952.96,3956.37,3952.925,3953.285,2109
1762313400,3953.36,3959.585,3952.095,3959.295,2771
1762314300,3959.395,3965.345,3959.255,3960.98,4832
1762315200,3960.9,3965.045,3959.835,3962.035,3213
1762316100,3962.04,3964.48,3960.325,3963.67,3311
1762317000,3963.68,3972.155,3963.6,3971.46,4676
1762317900,3971.45,3973.905,3967.68,3970.495,4109
1762318800,3970.65,3972.3,3967.13,3971.225,2909
1762319700,3971.25,3978.78,3970.505,3975.86,2222
1762320600,3975.845,3976.035,3969.095,3969.86,5361
1762321500,3969.835,3969.85,3961.875,3965.055,4251
1762322400,3965.07,3968.875,3962.04,3964.725,3898
1762323300,3964.74,3970.495,3963.645,3967.39,2766
1762324200,3967.435,3973.645,3965.285,3971.36,2948
1762325100,3971.285,3971.97,3965.045,3966.275,4238
1762326000,3966.285,3967.85,3963.92,3966.315,3426
1762326900,3966.31,3969.64,3963.74,3966.205,3014
1762327800,3966.21,3971.32,3965.38,3970.285,3560
1762328700,3970.26,3974.88,3968.52,3972.6,5303
1762329600,3972.565,3987.34,3972.52,3982.105,8487
1762330500,3982.08,3984.16,3978.48,3980.105,5125
1762331400,3980.07,3986.195,3980.005,3981.88,4000
1762332300,3981.89,3983.815,3979.565,3980.025,2689
1762333200,3980.02,3981.49,3975.115,3975.515,4282
1762334100,3975.465,3975.71,3963.57,3965.055,3985
1762335000,3965.085,3971.865,3963.62,3969.98,4277
1762335900,3969.955,3972.76,3969.105,3971.955,2796
1762336800,3971.885,3971.935,3956.1,3963.86,5308
1762337700,3963.845,3967.455,3960.415,3964.72,2878
1762338600,3964.67,3967.515,3964.28,3967.185,3292
1762339500,3967.245,3970.295,3960.57,3964.7,7303
1762340400,3964.7,3969.14,3960.46,3960.89,5137
1762341300,3960.835,3961.9,3957.48,3958.155,2763
1762342200,3958.15,3964.235,3957.61,3963.225,2864
1762343100,3963.285,3968.265,3962.56,3966.99,4211
1762344000,3966.995,3967.21,3962.245,3964.3,2306
1762344900,3964.335,3969.905,3963.56,3967.605,2246
1762345800,3967.5,3968.12,3963.185,3964.585,2515
1762346700,3964.635,3969.675,3963.765,3969.65,2348
1762347600,3969.725,3974.575,3966.735,3972.655,5179
1762348500,3972.66,3977.67,3964.885,3976.115,6734
1762349400,3976.115,3977.165,3970.895,3974.54,6144
1762350300,3974.685,3979.48,3971.11,3975.91,4396
1762351200,3975.925,3980.695,3973.7,3979.6,6044
1762352100,3979.665,3985.51,3978.46,3984.025,5617
1762353000,3984,3985.725,3975.795,3976.34,11935
1762353900,3976.345,3978.725,3969.665,3973.6,14306
1762354800,3973.62,3977.765,3964.27,3970.66,19337
1762355700,3970.905,3980.225,3966.58,3979.355,12560
1762356600,3979.37,3984.49,3978.155,3983.035,15705
1762357500,3983.065,3984.275,3977.2,3978.295,9307
1762358400,3978.345,3982.175,3975.75,3976.65,7503
1762359300,3976.655,3981.47,3974.985,3981.365,8170
1762360200,3981.475,3984.585,3977.59,3982.76,8665
1762361100,3982.83,3990.565,3982.83,3986.96,8124
1762362000,3987.045,3989.705,3982.35,3984.3,3400
1762362900,3984.27,3985.475,3978.58,3982.325,4412
1762363800,3982.34,3984.39,3979.685,3983.26,2491
1762364700,3983.235,3983.485,3979.655,3982.12,2422
1762365600,3982.145,3983.84,3979.51,3983.67,4175
1762366500,3983.625,3986.105,3982.05,3983.735,3644
1762367400,3983.78,3985.12,3978.905,3979.66,3471
1762368300,3979.665,3983.3,3979.66,3982.445,5658
1762369200,3982.46,3985.905,3979.6,3979.84,4345
1762370100,3979.775,3984.525,3979.165,3984.27,2991
1762371000,3984.315,3988.755,3982.935,3987.04,4965
1762371900,3987.09,3988.785,3986.53,3987.92,4117
1762372800,3987.91,3990.175,3986.515,3987.685,4684
1762373700,3987.665,3988.53,3985.62,3985.67,3172
1762374600,3985.685,3988.18,3984.025,3984.545,2387
1762375500,3984.53,3985.385,3981.585,3984.6,2921
1762376400,3984.6,3985.185,3981.735,3983.62,1528
1762377300,3983.63,3984.33,3981.595,3981.985,991
1762378200,3981.955,3983.335,3981.86,3982.155,566
1762379100,3982.14,3983.055,3977.995,3980.115,575
1762383600,3968.78,3972.21,3966.54,3969.57,3281
1762384500,3969.62,3971.82,3968.615,3970.35,3594
1762385400,3970.545,3975.46,3970.41,3973.445,1559
1762386300,3973.46,3977.795,3973.245,3973.93,1416
1762387200,3973.895,3975.595,3970.65,3975.15,2298
1762388100,3975.125,3975.225,3971.425,3973.785,983
1762389000,3973.76,3975.12,3969.79,3972.62,4822
1762389900,3972.565,3976.34,3970.855,3976.34,3670
1762390800,3976.315,3977.465,3964.455,3970.34,5553
1762391700,3970.39,3975.865,3968.58,3969.06,4595
1762392600,3969.095,3974.215,3967.605,3971.155,2959
1762393500,3971.215,3976.9,3971.135,3976.765,1875
1762394400,3976.785,3979.895,3974.38,3977.505,3954
1762395300,3977.51,3979.055,3976.305,3978.13,1349
1762396200,3978.155,3985.13,3978.155,3980.21,3407
1762397100,3980.3,3984.435,3979.68,3983.38,1992
1762398000,3983.435,3985.29,3979.575,3984.88,2415
1762398900,3985,3986.89,3982.64,3986.195,2497
1762399800,3986.2,3990.525,3986.025,3987.48,2005
1762400700,3987.535,3987.84,3985.425,3987.54,1156
1762401600,3987.545,3988.04,3984.58,3985.585,1295
1762402500,3985.61,3987.48,3984.94,3986.81,608
1762403400,3986.655,3989.36,3986.015,3986.87,1012
1762404300,3986.88,3989.98,3985.13,3988.935,1280
1762405200,3988.88,3990.485,3986.075,3988.145,2007
1762406100,3987.885,3990.87,3987.885,3990.07,1334
1762407000,3990.075,3990.38,3985.67,3987.915,4974
1762407900,3987.865,3990.515,3986.62,3987.645,2380
1762408800,3987.655,3990.095,3984.82,3987.15,4287
1762409700,3987.095,3989.065,3985.675,3987.2,2152
1762410600,3987.015,3987.575,3984.37,3984.37,2183
1762411500,3984.445,3993.08,3982.365,3991.515,3409
1762412400,3991.495,3998.865,3991.185,3998.525,4324
1762413300,3998.52,4009.425,3997.76,4003.92,7370
1762414200,4003.925,4009.545,4003.785,4005.45,6078
1762415100,4005.465,4009.235,4004.425,4005.78,4771
1762416000,4005.785,4009.77,4004.765,4009.15,9191
1762416900,4009.175,4016.29,4009.03,4015.945,9425
1762417800,4015.96,4017.06,4010.14,4010.22,6313
1762418700,4010.33,4015.77,4010.195,4014.88,6009
1762419600,4014.865,4015.235,4010.875,4012.12,6453
1762420500,4012.11,4015.065,4011.075,4012.74,5025
1762421400,4012.735,4013.31,4010.52,4012.31,4487
1762422300,4012.315,4012.705,4009.345,4011.01,6413
1762423200,4011,4011.2,4006.135,4008.755,6366
1762424100,4008.74,4009.27,4005.25,4006.105,6270
1762425000,4006.045,4008.8,4004.5,4008,6600
1762425900,4007.975,4009.6,4005.43,4008.465,3906
1762426800,4008.48,4010.695,4007.845,4009.86,4303
1762427700,4009.855,4011.24,4007.165,4009.565,5695
1762428600,4009.565,4017.08,4009.49,4015.955,8091
1762429500,4015.95,4019.55,4014.18,4018.185,5198
1762430400,4018.19,4019.645,4012.22,4012.815,7633
1762431300,4012.705,4014.7,4011.065,4011.595,4046
1762432200,4011.59,4012.94,4006.62,4009.22,4693
1762433100,4009.22,4010.36,4002.95,4005.375,9061
1762434000,4005.36,4013.355,4003.8,4012.05,14467
1762434900,4012.065,4016.31,4010.425,4013.58,8786
1762435800,4013.585,4016.305,4010.9,4013.83,8626
1762436700,4013.765,4016.16,4012.215,4012.33,7792
1762437600,4012.315,4014.09,4005,4008.305,13871
1762438500,4008.3,4008.3,3989.095,3992.06,15416
1762439400,3992,4003.265,3990.895,3998.415,19026
1762440300,3998.395,4001.235,3992.8,3993.41,19017
1762441200,3993.08,3993.9,3978.245,3982.775,20973
1762442100,3982.8,3991.1,3981.7,3986.8,16116
1762443000,3987.055,3987.39,3975.08,3978.48,16743
1762443900,3978.47,3984.375,3976.84,3980.405,18998
1762444800,3980.48,3986.45,3979.785,3981.965,18625
1762445700,3981.985,3984.12,3976.72,3983.755,18307
1762446600,3983.705,3984.11,3976.595,3979.37,11766
1762447500,3979.295,3984.825,3977.99,3981.03,9703
1762448400,3981.005,3985.715,3978.175,3978.78,9169
1762449300,3978.74,3979.195,3965.71,3969.925,12817
1762450200,3969.895,3982.62,3967.885,3981.99,9933
1762451100,3981.985,3988.26,3981.425,3986.34,9458
1762452000,3986.35,3986.665,3980.27,3984.075,10767
1762452900,3984.1,3989.51,3982.095,3983.205,8049
1762453800,3983.12,3991,3983.12,3989.475,8804
1762454700,3989.485,3990.66,3986.4,3987.915,9546
1762455600,3987.95,3995.365,3986.89,3995.125,8619
1762456500,3995.14,3995.365,3992.255,3992.375,6704
1762457400,3992.35,3992.755,3988.42,3989.54,6938
1762458300,3989.53,3990.33,3983.18,3985.35,8584
1762459200,3985.265,3987.285,3982.89,3984.625,7910
1762460100,3984.56,3984.955,3982.095,3982.79,6085
1762461000,3982.805,3986.945,3982.69,3983.905,8813
1762461900,3984,3984,3979.455,3980.965,25601
1762462800,3981.03,3982.615,3978.015,3981.485,1957
1762463700,3981.42,3981.97,3978.62,3980.84,1941
1762464600,3980.82,3981.17,3978.595,3979.085,2166
1762465500,3979.095,3979.2,3976.88,3977.14,1646
1762470000,3979.465,3983.295,3978.435,3981.315,905
1762470900,3981.33,3985.39,3980.815,3983.725,1141
1762471800,3983.78,3988.025,3982.07,3986.13,4336
1762472700,3986.27,3989.975,3986.195,3989.345,1439
1762473600,3989.345,3989.855,3984.655,3987.305,1605
1762474500,3987.245,3992.87,3986.675,3991.58,3385
1762475400,3991.57,3994.565,3989.53,3991.43,4013
1762476300,3991.415,3991.5,3987.935,3988.605,4134
1762477200,3988.58,3999.995,3987.245,3998.94,7595
1762478100,3998.95,4001.64,3996.985,3997.56,5101
1762479000,3997.595,4002.625,3994.94,4002.09,6514
1762479900,4002.08,4002.85,3999.28,4001.845,3517
1762480800,4001.82,4003.41,3997.875,3997.99,3834
1762481700,3998.05,3998.1,3994.14,3995.675,5063
1762482600,3995.64,3998.91,3991.61,3992.98,6460
1762483500,3992.955,3997.89,3992.945,3995.47,3005
1762484400,3995.425,3996.73,3988.16,3991.12,2722
1762485300,3991.18,3993.605,3988.64,3992.8,1633
1762486200,3992.74,3995.42,3991.21,3994.72,1137
1762487100,3994.725,3994.82,3989.415,3990.365,3118
1762488000,3990.345,3993.3,3985.605,3991.345,2948
1762488900,3991.325,3997.995,3990.765,3996.33,2886
1762489800,3996.48,3997.25,3993.65,3995.51,1430
1762490700,3995.45,3998.565,3995.105,3998.375,900
1762491600,3998.38,3999.05,3996.4,3997.75,1866
1762492500,3997.725,3997.95,3992.115,3994.26,1847
1762493400,3994.235,3997.965,3993.845,3996.645,3214
1762494300,3996.745,3997.595,3993.485,3994.95,1847
1762495200,3994.96,3996.985,3992.25,3995.215,5322
1762496100,3995.275,3999.9,3994.62,3998.14,3172
1762497000,3998.09,4003.225,3996.55,4001.495,3389
1762497900,4001.705,4008.65,4001.52,4006.925,3389
1762498800,4006.945,4010.02,4005.55,4007.95,3763
1762499700,4007.945,4009.915,4003.165,4003.66,4483
1762500600,4003.68,4006.685,4003.68,4005.56,2737
1762501500,4005.555,4008.12,4002.815,4007.835,2647
1762502400,4007.935,4010.45,4005.025,4009.72,8033
1762503300,4009.76,4009.91,4003.94,4005.75,3234
1762504200,4005.745,4008.945,4003.735,4005.84,4155
1762505100,4005.845,4010.46,4005.055,4009.73,3967
1762506000,4009.755,4011.565,4008.26,4010.88,3958
1762506900,4010.885,4014.29,4009.61,4010.22,4987
1762507800,4010.21,4011.5,4004.31,4006.295,3226
1762508700,4006.295,4009.75,4005.425,4006.76,4162
1762509600,4006.81,4008.985,4005.86,4006.135,1958
1762510500,4006.085,4009.71,4003.26,4006.06,3641
1762511400,4006.025,4006.89,4003.275,4004.285,4415
1762512300,4004.31,4009.27,4004.285,4007.975,3928
1762513200,4008,4011.925,4002.54,4003.635,3817
1762514100,4003.7,4007.905,3998.13,3999.25,5898
1762515000,3999.29,3999.905,3993.65,3998.5,6119
1762515900,3998.425,4004.52,3998.425,4002.965,4125
1762516800,4002.815,4008.715,4002.175,4005.94,3399
1762517700,4005.945,4006.34,3998.35,3998.495,3856
1762518600,3998.395,3999.445,3994.945,3996.355,6619
1762519500,3996.345,3998.54,3991.69,3996.025,7005
1762520400,3996.06,4000.775,3992.205,3996.05,10904
1762521300,3995.95,4002.13,3995.26,3997.11,6645
1762522200,3997.095,3997.665,3991.79,3993.975,10861
1762523100,3993.99,4000.1,3992.91,3997.855,9239
1762524000,3997.885,4004.27,3995.38,4002.95,8215
1762524900,4002.94,4007.36,3999.97,4000.5,8210
1762525800,4000.535,4000.535,3984.385,3990.575,19232
1762526700,3990.665,3995.875,3986.045,3993.605,13912
1762527600,3993.56,3999.285,3990.74,3991.305,14372
1762528500,3991.3,3995.125,3987.915,3993.385,15642
1762529400,3993.355,3995.82,3985.985,3986.55,13290
1762530300,3986.51,3992.955,3984.01,3991.05,8725
1762531200,3991.095,4000.915,3990.165,3999.565,10133
1762532100,3999.58,4009.665,3995.67,4007.965,9404
1762533000,4007.97,4027.595,4007.915,4020.785,14453
1762533900,4020.795,4022.145,4006.12,4007.765,11378
1762534800,4007.86,4009.8,3995.285,3999.8,8204
1762535700,3999.65,4001.185,3992.37,3997.89,9150
1762536600,3997.815,3999.5,3994.06,3998.83,7916
1762537500,3998.835,4006.59,3997.06,4005.6,9419
1762538400,4005.595,4009.325,4003.3,4004.77,6538
1762539300,4004.805,4006.495,3999.555,4002.78,8056
1762540200,4002.76,4007.31,4001.8,4006.335,8442
1762541100,4006.205,4007.52,4004.005,4005.65,8675
1762542000,4005.685,4009.05,4003.5,4007.92,7605
1762542900,4007.925,4008.71,4005.54,4006.39,6385
1762543800,4006.46,4008.25,4002.195,4003.25,7611
1762544700,4003.235,4008.225,4001.935,4006.71,5974
1762545600,4006.7,4006.93,4003.65,4005.045,9796
1762546500,4005.05,4005.4,3994.64,3998.675,9280
1762547400,3998.67,4004.15,3997.475,4001.21,11230
1762548300,4001.14,4005.935,3999.195,4004.18,8147
1762549200,4004.14,4005.34,4002.7,4002.835,835
1762550100,4002.86,4003.095,4001.19,4001.945,438
1762551000,4001.995,4002.585,3999.22,4000.4,566
1762551900,4000.37,4004.89,3998.69,4001.275,1880
1762729200,4005.675,4011.55,4004.905,4010.595,2284
1762730100,4010.605,4011.555,4004.73,4008.655,2919
1762731000,4008.635,4009.6,4004.355,4007.995,2095
1762731900,4007.97,4012.23,4005.23,4011.87,1974
1762732800,4011.905,4017.195,4011.13,4015.82,1982
1762733700,4015.775,4017.075,4014.32,4016.385,1070
1762734600,4016.36,4017.53,4011.37,4016.56,3566
1762735500,4016.59,4024.12,4016.555,4020.405,5549
1762736400,4020.39,4029.485,4019.15,4027.39,12400
1762737300,4027.405,4051.95,4027.265,4047.805,11443
1762738200,4047.78,4053.47,4045.595,4050.965,13369
1762739100,4050.915,4052.9,4041.435,4044.07,11054
1762740000,4043.99,4047.37,4037.74,4044.9,6443
1762740900,4044.96,4048.11,4039.825,4041.095,3881
1762741800,4041.205,4046.24,4038.54,4044.485,8903
1762742700,4044.495,4049.175,4043.525,4048.135,4795
1762743600,4048.12,4048.285,4045.085,4045.815,4377
1762744500,4045.915,4051.99,4044.945,4050.645,2471
1762745400,4050.745,4052.98,4050.11,4050.355,3155
1762746300,4050.33,4051.435,4047.33,4050.105,1346
1762747200,4050.055,4056.875,4049.975,4056.345,4376
1762748100,4056.195,4056.81,4052.715,4053.81,2714
1762749000,4053.805,4055.565,4052.515,4052.555,2945
1762749900,4052.64,4054.84,4049.835,4054.225,2389
1762750800,4054.27,4054.295,4050.24,4050.24,2589
1762751700,4050.265,4055.92,4050.265,4055.305,2343
1762752600,4055.36,4065.255,4054.8,4063.2,6817
1762753500,4063.19,4070.07,4062.115,4069.56,6516
1762754400,4069.63,4071.405,4066.9,4068.13,6986
1762755300,4068.17,4073.92,4068.17,4073.065,6481
1762756200,4072.905,4078.615,4070.975,4073.365,5480
1762757100,4073.305,4076.665,4069.95,4075.24,4777
1762758000,4075.24,4078.915,4073.085,4078.685,3803
1762758900,4078.66,4079.15,4072.315,4075.735,3660
1762759800,4075.69,4079.065,4074.1,4075.68,5873
1762760700,4075.67,4078.78,4074.07,4075.395,4902
1762761600,4075.335,4083.4,4075.2,4079.205,8412
1762762500,4079.225,4081.085,4075.135,4080.345,7798
1762763400,4080.35,4085.295,4078.39,4079.025,5873
1762764300,4079.065,4083.235,4078.335,4082.315,5274
1762765200,4082.35,4083.55,4074.64,4074.935,5092
1762766100,4074.895,4080.495,4071.49,4080.095,6117
1762767000,4080.045,4086.375,4078.24,4081.12,4441
1762767900,4081.175,4082.64,4076.08,4076.705,4265
1762768800,4076.69,4081.525,4076.69,4081.285,2156
1762769700,4081.33,4082.815,4077.605,4077.605,2250
1762770600,4077.64,4083.42,4077.585,4078.25,4988
1762771500,4078.195,4081.37,4075.95,4081.11,4826
1762772400,4081.175,4082.63,4075.86,4078.06,6997
1762773300,4078.065,4080.665,4077.23,4079.37,3072
1762774200,4079.41,4083.85,4078.94,4082.73,3648
1762775100,4082.745,4085.495,4081.13,4085.385,3383
1762776000,4085.43,4090.225,4084.42,4089.665,7372
1762776900,4089.655,4096.025,4088.02,4094.305,8756
1762777800,4094.32,4096.755,4093.84,4094.785,3292
1762778700,4094.79,4100.085,4093.64,4097.65,6195
1762779600,4097.7,4106,4097,4103.095,11327
1762780500,4103.1,4105.265,4098.81,4102.125,12708
1762781400,4102.12,4103.595,4095.3,4098.045,11654
1762782300,4098.035,4098.15,4090.4,4091.645,12135
1762783200,4091.635,4094.13,4084.155,4086.58,12257
1762784100,4086.545,4088.8,4082.03,4086.31,6168
1762785000,4086.175,4086.175,4074.49,4081.45,21470
1762785900,4081.455,4086.995,4078.485,4083.53,14600
1762786800,4083.455,4092.95,4083.355,4087.58,13618
1762787700,4087.575,4094.355,4086.805,4089.17,10638
1762788600,4089.155,4089.595,4083.02,4087.735,7219
1762789500,4087.72,4087.935,4077.935,4084.435,12468
1762790400,4084.42,4091.885,4082.095,4091.425,12027
1762791300,4091.43,4093.435,4089.71,4093.09,6472
1762792200,4093.165,4095.77,4090.22,4091.205,11670
1762793100,4091.375,4095.66,4088.775,4095.175,7651
1762794000,4095.2,4098.175,4094.085,4096.26,5401
1762794900,4096.275,4098.44,4093.46,4096.92,4984
1762795800,4096.885,4098.19,4094.045,4094.79,3512
1762796700,4094.815,4102.85,4094.6,4102.72,6089
1762797600,4102.735,4105.23,4101.77,4104.87,8297
1762798500,4104.895,4114.645,4104.845,4114.255,11264
1762799400,4114.275,4115.915,4107.22,4109.32,6039
1762800300,4109.31,4110.41,4105.79,4110.145,5410
1762801200,4110.14,4114.47,4107.92,4113.385,8481
1762802100,4113.395,4115.465,4110.24,4114.495,7695
1762803000,4114.47,4114.65,4110.72,4110.8,3548
1762803900,4110.735,4113.91,4109.545,4113.28,3943
1762804800,4113.265,4114.61,4111.165,4111.865,6041
1762805700,4111.875,4112.74,4106.6,4111.33,11617
1762806600,4111.335,4113.07,4108.195,4113.07,11356
1762807500,4113.115,4113.19,4108.015,4111.685,12593
1762808400,4111.735,4112.9,4110.4,4111.675,1137
1762809300,4111.73,4114.685,4111.56,4112.525,574
1762810200,4112.51,4114.045,4111.73,4113.945,547
1762811100,4113.895,4116.69,4113.46,4115.41,635
1762815600,4116.835,4120.37,4116.68,4119.14,1732
1762816500,4119.185,4120.855,4116.075,4120.49,2204
1762817400,4120.485,4120.55,4118.29,4120.22,1422
1762818300,4120.275,4122.925,4117.22,4120.085,2882
1762819200,4120.275,4120.67,4116.29,4119.86,2032
1762820100,4119.845,4126.34,4119.825,4125.105,2858
1762821000,4125.055,4129.445,4124.935,4129.445,3424
1762821900,4129.495,4133.755,4127.615,4130.96,4635
1762822800,4130.91,4135.38,4128,4132.405,7576
1762823700,4132.365,4138.2,4130.24,4137.59,6850
1762824600,4137.53,4141.365,4135.82,4135.82,5361
1762825500,4135.76,4137.35,4130.505,4136.355,6916
1762826400,4136.33,4137.27,4130.39,4134.81,4063
1762827300,4134.725,4137.845,4132.255,4134.38,3522
1762828200,4134.46,4139.11,4129.75,4139.09,6792
1762829100,4139.085,4139.81,4134.375,4138.255,3224
1762830000,4138.235,4144.475,4137.255,4143.395,4030
1762830900,4143.39,4145.895,4143.13,4144.165,4356
1762831800,4144.1,4148.18,4143.3,4144.795,4645
1762832700,4144.745,4147.175,4144.385,4147.05,2229
1762833600,4147.03,4149.1,4142.695,4143.235,2869
1762834500,4143.26,4144.59,4142.365,4144.1,2134
1762835400,4144.11,4146.615,4142.055,4142.165,3452
1762836300,4142.205,4146.325,4142.03,4143.19,3572
1762837200,4143.165,4144.47,4134.985,4140.735,5882
1762838100,4140.895,4142.275,4135.105,4136.23,3074
1762839000,4136.31,4137.165,4124.895,4129.985,7097
1762839900,4129.93,4135.7,4128.335,4131.13,5155
1762840800,4131.08,4134.85,4126.8,4134.185,6330
1762841700,4134.165,4137.915,4133.005,4137.73,4235
1762842600,4137.765,4137.765,4128.585,4129.595,5906
1762843500,4129.635,4133.025,4127.205,4130.07,3239
1762844400,4130.065,4131.3,4126.195,4129.58,3981
1762845300,4129.575,4133.04,4128.315,4131.33,3789
1762846200,4131.28,4131.72,4127.125,4130.87,2384
1762847100,4130.895,4132.85,4124.985,4129.78,4607
1762848000,4129.805,4137.365,4128.925,4136.925,6977
1762848900,4136.95,4137.81,4131.765,4134.815,5512
1762849800,4134.8,4135.235,4129.25,4132.395,5300
1762850700,4132.37,4137.385,4130.94,4135.635,3249
1762851600,4135.685,4144.395,4134.435,4143.485,4906
1762852500,4143.495,4144.6,4141.18,4143.99,5566
1762853400,4144.005,4145.47,4143.03,4143.755,3221
1762854300,4143.775,4146.035,4141.89,4141.89,2524
1762855200,4141.965,4142.57,4137.625,4141.445,2432
1762856100,4141.41,4144.255,4140.635,4142.075,1641
1762857000,4141.86,4142.145,4136.84,4139.435,4150
1762857900,4139.515,4144.345,4139.33,4141.935,2220
1762858800,4141.985,4143.695,4139.74,4140.56,2105
1762859700,4140.62,4143.655,4139.12,4141.21,4551
1762860600,4141.15,4144.805,4139.135,4142.2,3354
1762861500,4142.175,4144.525,4140.99,4142.85,2886
1762862400,4142.895,4143.865,4137.275,4138.96,3861
1762863300,4138.965,4141.12,4136.735,4139.16,3810
1762864200,4139.15,4141.895,4137.99,4141.35,1622
1762865100,4141.345,4141.345,4133.34,4134.465,6391
1762866000,4134.565,4140.905,4133.965,4140.445,4915
1762866900,4140.44,4143.805,4138.355,4141.685,7479
1762867800,4141.66,4146.885,4139.175,4141.885,5687
1762868700,4141.9,4145.705,4141.185,4142.65,3419
1762869600,4142.71,4143.295,4136.965,4139.64,7151
1762870500,4139.615,4140.325,4128.595,4130.4,7281
1762871400,4130.235,4133.48,4123.43,4132.94,14097
1762872300,4132.99,4134.81,4119.94,4125.015,16426
1762873200,4124.97,4126.32,4118.25,4121.25,10697
1762874100,4121.235,4121.51,4097.33,4101.64,20759
1762875000,4101.655,4108.18,4097.245,4108.09,16258
1762875900,4108.115,4112.6,4104.595,4106.835,10452
1762876800,4106.84,4113.63,4105.63,4113.6,7015
1762877700,4113.615,4115.1,4108.045,4109.42,6762
1762878600,4109.455,4114.995,4105.1,4114.05,3641
1762879500,4113.985,4115.815,4111.88,4113.415,4778
1762880400,4113.37,4117.955,4112.285,4115.8,3104
1762881300,4115.74,4117.685,4111.845,4114.445,2933
1762882200,4114.525,4114.98,4110.645,4113.89,2241
1762883100,4113.865,4116.485,4112.225,4114.535,2140
1762884000,4114.635,4116.48,4109.28,4109.605,3127
1762884900,4109.63,4115.015,4109.235,4110.46,3634
1762885800,4110.485,4111.765,4106.64,4109.44,3607
1762886700,4109.49,4114.985,4109.1,4113.86,2315
1762887600,4113.865,4117.685,4112.07,4117.64,1932
1762888500,4117.59,4119.12,4116.55,4117.68,2121
1762889400,4117.705,4122.3,4117.59,4121.77,1930
1762890300,4121.71,4126.26,4121.25,4123.12,2324
1762891200,4123.18,4127.51,4122.395,4127.5,1949
1762892100,4127.51,4128.79,4124.345,4125.8,3532
1762893000,4125.775,4130.36,4124.45,4129.495,3448
1762893900,4129.51,4131.97,4128.455,4129.535,4070
1762894800,4129.495,4130.44,4128.095,4130.44,1471
1762895700,4130.475,4131.45,4127.245,4128.935,1056
1762896600,4129.1,4129.35,4126.505,4128.52,548
1762897500,4128.46,4128.46,4125.615,4126.505,1473
1762902000,4130.9,4133.13,4129.025,4133.13,851
1762902900,4133.07,4139.325,4132.875,4138.465,2965
1762903800,4138.5,4143.965,4136.32,4143.525,4218
1762904700,4143.52,4144.74,4141.375,4142.66,2108
1762905600,4142.595,4145.61,4139.205,4144.07,2783
1762906500,4144.165,4144.88,4139.75,4141.865,1506
1762907400,4141.84,4144.555,4140.605,4141.65,1622
1762908300,4141.665,4142.765,4132.16,4133.055,8465
1762909200,4133.12,4137.3,4127.825,4135.075,13927
1762910100,4135.06,4135.145,4129.335,4131.115,12671
1762911000,4131.14,4133.93,4126.315,4133.71,10857
1762911900,4133.645,4135.725,4130.215,4131.5,4718
1762912800,4131.455,4135.495,4130.585,4134.03,4966
1762913700,4134.04,4135.2,4131.045,4131.645,2880
1762914600,4131.72,4131.755,4120.83,4125.44,7179
1762915500,4125.425,4126.515,4118.765,4124.13,9446
1762916400,4124.135,4125.425,4116.685,4123.025,6098
1762917300,4123.095,4123.915,4119.385,4119.545,6273
1762918200,4119.595,4121.645,4117.96,4120.33,2972
1762919100,4120.325,4121.295,4111.895,4112.085,6608
1762920000,4112.025,4113.39,4103.635,4109.735,8454
1762920900,4109.775,4111.735,4105.055,4111.645,5601
1762921800,4111.595,4112.66,4105.77,4107.64,4706
1762922700,4107.59,4112.455,4107.48,4110.735,3870
1762923600,4110.725,4111.265,4106.035,4107.865,4803
1762924500,4107.85,4109.835,4105.13,4105.505,3290
1762925400,4105.565,4108.165,4098.915,4105.125,7190
1762926300,4105.1,4107.71,4102.425,4104.725,3857
1762927200,4104.685,4109.875,4103.275,4106.19,8615
1762928100,4106.295,4116.15,4106.015,4115.04,6365
1762929000,4115.035,4119.3,4112.05,4116.86,7952
1762929900,4116.935,4118.855,4113.135,4118.675,6420
1762930800,4118.68,4125.27,4115.615,4125,5245
1762931700,4124.995,4125.3,4121.28,4124.09,3450
1762932600,4124.115,4124.255,4113.8,4114.58,6938
1762933500,4114.59,4119.155,4113.465,4117.305,3351
1762934400,4117.295,4119.575,4112.27,4118.645,5951
1762935300,4118.695,4130.35,4117.285,4128.115,6642
1762936200,4128.1,4132.965,4126.35,4128.65,6225
1762937100,4128.675,4132.64,4128.675,4131.495,3320
1762938000,4131.445,4133.855,4127.385,4128.575,3313
1762938900,4128.55,4132.6,4124.835,4127.315,4019
1762939800,4127.365,4129.8,4124.12,4126.14,4582
1762940700,4126.145,4126.725,4120.58,4124.74,7338
1762941600,4124.785,4126.455,4121.865,4125.59,2512
1762942500,4125.51,4128.385,4120.205,4120.695,6293
1762943400,4120.72,4128.05,4117.945,4125.855,9443
1762944300,4125.875,4129.57,4124.59,4127.81,5563
1762945200,4127.815,4131.295,4126.67,4131.295,2052
1762946100,4131.34,4131.34,4123.09,4124.385,4863
1762947000,4124.34,4128.74,4123.64,4128.44,6234
1762947900,4128.405,4128.895,4123.7,4126.025,4950
1762948800,4126.05,4130.91,4125.025,4130.64,3681
1762949700,4130.685,4137.705,4130.21,4136.38,5412
1762950600,4136.305,4139.51,4133.61,4134.46,4453
1762951500,4134.28,4137.215,4129.86,4130.25,3961
1762952400,4130.43,4131.665,4122.74,4125.795,7684
1762953300,4125.73,4130.415,4123.2,4127.405,8768
1762954200,4127.41,4132.63,4126.325,4129.165,7875
1762955100,4128.97,4131.605,4124.46,4127.285,3479
1762956000,4127.34,4137.995,4126.955,4135.21,7843
1762956900,4135.26,4136.73,4131.77,4131.88,4549
1762957800,4131.975,4139.185,4125.045,4136.3,14803
1762958700,4136.24,4140.215,4131.945,4136.63,10536
1762959600,4136.605,4162.27,4134.685,4162.065,14404
1762960500,4162.05,4172.68,4159.915,4166.55,22844
1762961400,4166.54,4181.15,4166.04,4178.89,21230
1762962300,4178.925,4185.785,4174.725,4181.495,20179
1762963200,4181.415,4189.535,4180.2,4184.08,18948
1762964100,4184.15,4187.915,4181.065,4187.155,16026
1762965000,4187.2,4196.425,4186.5,4193.56,17401
1762965900,4193.54,4197.83,4187.575,4196.51,15828
1762966800,4196.5,4202.57,4195.725,4198.825,16478
1762967700,4198.82,4199.705,4192.25,4196.58,17462
1762968600,4196.585,4206.515,4195.67,4202.58,15977
1762969500,4202.575,4204.5,4199.125,4199.535,15441
1762970400,4199.57,4201.815,4190.48,4199.99,17273
1762971300,4200.015,4211.795,4198.06,4206.895,22237
1762972200,4206.895,4210.685,4206.08,4208.74,12917
1762973100,4208.745,4210.61,4206.775,4207.025,15117
1762974000,4207.08,4210.25,4194.115,4195.785,13829
1762974900,4195.79,4200.31,4192.25,4194.255,11706
1762975800,4194.225,4200.445,4194.095,4194.975,7155
1762976700,4195.01,4199.955,4194.91,4197.445,15120
1762977600,4197.45,4198.24,4190.685,4197.74,14598
1762978500,4197.755,4199.65,4194.01,4195.505,9700
1762979400,4195.52,4197.665,4191.965,4195.69,9807
1762980300,4195.74,4199.54,4193.53,4196.05,8921
1762981200,4196.025,4197.165,4192.745,4192.815,2618
1762982100,4192.88,4198.37,4191,4197.7,1954
1762983000,4197.775,4202.165,4196.63,4197.55,1988
1762983900,4197.42,4199.675,4194.29,4195.21,1681
1762988400,4202.635,4208.07,4197.52,4198.81,4406
1762989300,4198.82,4199.95,4193.88,4196.025,2876
1762990200,4196.035,4196.165,4187.27,4191.145,2525
1762991100,4191.11,4193.645,4189.32,4191.41,2889
1762992000,4191.425,4192.425,4185.9,4188.165,3637
1762992900,4188.145,4194.195,4187.435,4192.91,2225
1762993800,4192.925,4206.225,4192.835,4202.12,5709
1762994700,4202.125,4209.005,4198.54,4206.065,7156
1762995600,4205.965,4209.315,4190.215,4191.025,12295
1762996500,4190.99,4191.275,4179.735,4188.07,13279
1762997400,4188.06,4190.595,4180.565,4188.405,11440
1762998300,4188.4,4194.205,4181.755,4192.43,11403
1762999200,4192.405,4196.025,4188.57,4194.305,12986
1763000100,4194.31,4195.05,4185.895,4187.755,7917
1763001000,4187.785,4194.79,4183.51,4192.06,7296
1763001900,4192.01,4194.365,4185.67,4190.28,11076
1763002800,4190.235,4203.995,4190.175,4199.825,10693
1763003700,4199.87,4205.99,4196.58,4200.815,8778
1763004600,4200.765,4207.45,4200.37,4207.325,7908
1763005500,4207.315,4213.3,4206.18,4212.96,8057
1763006400,4212.95,4219.52,4209.405,4217.65,10512
1763007300,4217.645,4217.67,4206.745,4209.725,8174
1763008200,4209.7,4210.625,4203.4,4207.955,6573
1763009100,4208.025,4210.83,4205.755,4209.495,5368
1763010000,4209.455,4217.87,4207.56,4217.55,8144
1763010900,4217.54,4217.89,4212.045,4212.37,5308
1763011800,4212.36,4217.235,4210.23,4215.42,7253
1763012700,4215.16,4216.9,4208.18,4212.02,6390
1763013600,4211.945,4211.97,4205.12,4205.99,5464
1763014500,4205.965,4211.72,4203.27,4209.09,4588
1763015400,4208.99,4209.965,4205.425,4205.855,4745
1763016300,4205.785,4212.25,4205.275,4210.525,3297
1763017200,4210.56,4212.115,4208.4,4210.635,2984
1763018100,4210.65,4218.49,4210.215,4216.535,5045
1763019000,4216.66,4219.02,4213.39,4215.63,4672
1763019900,4215.605,4220.255,4212.655,4220.125,6125
1763020800,4220.08,4230.64,4219.26,4229.89,9420
1763021700,4229.9,4238.245,4228.45,4237.53,11597
1763022600,4237.6,4239.66,4233.285,4236.115,8760
1763023500,4236.165,4238.635,4232.175,4232.71,7197
1763024400,4232.6,4234.39,4227.69,4233.055,8149
1763025300,4233.05,4239.62,4226.945,4227.12,10209
1763026200,4227.125,4233.97,4225.08,4227.78,8079
1763027100,4227.79,4233.98,4227.475,4233.215,5125
1763028000,4233.205,4239.345,4231.91,4237.605,4680
1763028900,4237.655,4240.24,4234.84,4235.035,7610
1763029800,4235.06,4236.325,4227.535,4233.665,10418
1763030700,4233.66,4234.81,4221.825,4225.72,11703
1763031600,4225.82,4231.715,4221.7,4227.395,10368
1763032500,4227.37,4228.325,4219.35,4223.08,10834
1763033400,4223.195,4232.245,4221.915,4232.025,8701
1763034300,4232.035,4232.405,4228.605,4230.47,5398
1763035200,4230.435,4235.635,4230.005,4234.46,8636
1763036100,4234.48,4237.16,4230.515,4233.57,6251
1763037000,4233.56,4237.38,4232.27,4235.54,5431
1763037900,4235.61,4245.195,4235.61,4242.83,6544
1763038800,4242.8,4244.1,4225.955,4230.795,18586
1763039700,4230.8,4237.84,4228.585,4235.425,10755
1763040600,4235.465,4236.29,4220.41,4228.56,13963
1763041500,4228.55,4232.505,4224.25,4231.745,15125
1763042400,4231.83,4232.425,4213.76,4220.64,18297
1763043300,4220.54,4221.235,4207.555,4211.37,15453
1763044200,4211.12,4220.275,4184.51,4187.89,22697
1763045100,4187.94,4201.14,4185.34,4195.525,22434
1763046000,4195.515,4205.295,4188.82,4201.635,21650
1763046900,4201.61,4204.725,4191.55,4194.75,20143
1763047800,4194.685,4201.055,4186.535,4197.83,18556
1763048700,4197.79,4203.54,4188.725,4202.675,20067
1763049600,4202.7,4211.065,4202.355,4210.14,17154
1763050500,4210.16,4211.125,4203.24,4206.685,15785
1763051400,4206.665,4208.985,4195.705,4197.755,18325
1763052300,4197.745,4207.33,4197.505,4206.77,17723
1763053200,4206.885,4208.575,4194.34,4195.265,13658
1763054100,4195.28,4205.05,4193.35,4202.865,15952
1763055000,4202.88,4206.795,4199.695,4200.73,9247
1763055900,4200.77,4205.72,4196.45,4202.05,15169
1763056800,4202.065,4203.46,4199.94,4202.135,9943
1763057700,4202.095,4203.03,4187.705,4190.575,13758
1763058600,4190.505,4190.915,4145.19,4155.915,28254
1763059500,4155.82,4162.23,4150.345,4158.07,14443
1763060400,4158.015,4158.02,4146,4154.04,16009
1763061300,4154.03,4161.275,4150.81,4160.045,14213
1763062200,4160.03,4169.95,4158.215,4169.85,12773
1763063100,4169.86,4170.705,4162.335,4164.09,11410
1763064000,4164.1,4167.305,4160.385,4165.27,13199
1763064900,4165.25,4170.68,4160.97,4169.49,17511
1763065800,4169.53,4170.91,4163.66,4164.92,10596
1763066700,4164.925,4167.32,4160.88,4164.17,14260
1763067600,4164.16,4181.265,4161.23,4178.58,4999
1763068500,4178.56,4178.635,4172.9,4174.06,2298
1763069400,4174.065,4175.92,4169.255,4173.12,2580
1763070300,4173.155,4173.805,4171.18,4171.745,1794
1763074800,4177.285,4181.955,4175.93,4176.71,2024
1763075700,4176.78,4184.62,4176.13,4179.095,2509
1763076600,4179.105,4182.03,4176.675,4179.5,2908
1763077500,4179.475,4186.84,4179,4186.205,3491
1763078400,4186.24,4186.8,4179.48,4185.795,3722
1763079300,4185.71,4190.025,4182.645,4188.45,3132
1763080200,4188.46,4189.855,4185.65,4186.835,4786
1763081100,4186.865,4187.345,4178.2,4183.81,8760
1763082000,4183.815,4189.08,4178.95,4183.08,11937
1763082900,4183.07,4186.81,4174.115,4174.735,10268
1763083800,4174.73,4184.035,4173.72,4180.025,10010
1763084700,4180.03,4193.825,4180.025,4190.025,12603
1763085600,4190.03,4194.61,4188.74,4194.07,8484
1763086500,4194.085,4202.68,4192.405,4199.68,8518
1763087400,4199.72,4204.7,4199.19,4203.98,8593
1763088300,4203.995,4210.405,4202.83,4207.225,7194
1763089200,4207.165,4209.045,4203.315,4205.82,8973
1763090100,4205.815,4211.18,4204.695,4210.75,7444
1763091000,4210.79,4211.435,4207.005,4207.265,5777
1763091900,4207.325,4207.38,4201.57,4204.49,5476
1763092800,4204.445,4205.83,4198.34,4200.535,5281
1763093700,4200.51,4201.6,4197.02,4197.78,7953
1763094600,4197.63,4204.47,4197.3,4202.565,4292
1763095500,4202.57,4203.695,4200,4203.335,4584
1763096400,4203.385,4203.67,4188.88,4189.345,7423
1763097300,4189.35,4189.62,4183.985,4188.295,9556
1763098200,4188.305,4196.655,4185.67,4194.135,11157
1763099100,4194.13,4195.485,4187.805,4189.9,7048
1763100000,4189.865,4193.53,4186.14,4189.92,5683
1763100900,4190.145,4190.34,4173.42,4178.16,9509
1763101800,4178.135,4184.215,4176.24,4180.38,7182
1763102700,4180.37,4180.48,4169.625,4175.425,9005
1763103600,4175.4,4177.625,4169.67,4171.5,8969
1763104500,4171.56,4174.16,4158.995,4163.445,8738
1763105400,4163.46,4174.505,4162.825,4174.01,7375
1763106300,4174.14,4182.545,4173.405,4181.26,7612
1763107200,4181.265,4182.35,4173.275,4174.445,12038
1763108100,4174.45,4184.49,4173.765,4177.03,9989
1763109000,4177.005,4187.21,4176.23,4182.755,9197
1763109900,4182.75,4183.82,4170.145,4176.135,10080
1763110800,4176.14,4180.615,4168.1,4174.76,10425
1763111700,4174.77,4177.275,4168.57,4170.265,5895
1763112600,4170.2,4171.735,4166.525,4171.015,4513
1763113500,4171.115,4171.93,4169.015,4169.44,4751
1763114400,4169.415,4170.595,4162.75,4165.61,6050
1763115300,4165.59,4170.885,4162.975,4165.105,8482
1763116200,4165.05,4168.51,4159.145,4167.51,7662
1763117100,4167.505,4171.14,4165.775,4168.08,6425
1763118000,4168.085,4170.075,4150.805,4153.02,7691
1763118900,4152.85,4152.94,4141.91,4148.81,7767
1763119800,4148.835,4157.915,4148.75,4153.61,8942
1763120700,4153.585,4153.75,4130.92,4133.18,13743
1763121600,4133.085,4140.75,4123.88,4125.98,12005
1763122500,4125.925,4128.705,4111.09,4113.335,11794
1763123400,4112.98,4119.415,4107.71,4115.45,12773
1763124300,4115.455,4119.675,4109.83,4116.26,11207
1763125200,4116.255,4119.245,4084.31,4086.395,15417
1763126100,4086.47,4092.13,4053.41,4055.835,19949
1763127000,4055.735,4063.83,4046.47,4054.95,18112
1763127900,4054.965,4058.005,4041.37,4055.975,16838
1763128800,4055.835,4056.05,4037.68,4050.43,16958
1763129700,4050.36,4060.47,4046.495,4053.63,10793
1763130600,4053.66,4072.45,4032.23,4067.8,24655
1763131500,4067.8,4084.145,4063.29,4082.86,17376
1763132400,4082.81,4082.81,4068.31,4079.28,17075
1763133300,4079.35,4082.375,4071.465,4081.08,12655
1763134200,4081.12,4083.715,4072.66,4073.395,10343
1763135100,4073.33,4096.76,4072.05,4093.76,13104
1763136000,4093.75,4095.48,4081.1,4084.305,10772
1763136900,4084.31,4103.405,4082.485,4102.22,9385
1763137800,4102.24,4111.185,4096.42,4108.295,8119
1763138700,4108.395,4109.405,4102.24,4105.24,9955
1763139600,4105.29,4110.71,4096.025,4102.695,8329
1763140500,4102.765,4104.38,4094.22,4099.1,9024
1763141400,4099.11,4110.535,4098.265,4103.555,7442
1763142300,4103.53,4104.72,4096.07,4099.92,5943
1763143200,4099.925,4100.32,4086.105,4095.005,8864
1763144100,4095.06,4095.365,4080.87,4093.225,9591
1763145000,4093.175,4103.75,4091.005,4097.01,6250
1763145900,4097.005,4103.02,4095.69,4098.105,3604
1763146800,4098.02,4100.23,4089.855,4095.235,4310
1763147700,4095.41,4097.325,4092.195,4093.64,3778
1763148600,4093.725,4095.715,4090.005,4090.23,3893
1763149500,4090.285,4095.61,4087.725,4089.995,6226
1763150400,4090.065,4092.335,4083.8,4087.555,3829
1763151300,4087.56,4089.175,4075.615,4083.915,5539
1763152200,4084,4092.48,4082.025,4087.68,5646
1763153100,4087.56,4091.815,4084.985,4087.16,6681
1763154000,4087.095,4087.095,4079.13,4079.84,1749
1763154900,4079.765,4085.35,4079.675,4083.075,1890
1763155800,4083.095,4084.315,4078.02,4080.605,2549
1763156700,4080.665,4086.745,4079.275,4085.825,2354
1763334000,4078.275,4104.305,4077.96,4098.875,4564
1763334900,4098.81,4106.705,4095.34,4104.18,5173
1763335800,4104.08,4106.22,4098.96,4102.425,4538
1763336700,4102.275,4103.315,4093.795,4096.51,4343
1763337600,4096.5,4098.39,4084.185,4085.03,6289
1763338500,4085.035,4092.1,4080.835,4086.595,5293
1763339400,4086.825,4092.08,4085.13,4090.045,5204
1763340300,4090.035,4091.585,4081.54,4083.37,7767
1763341200,4083.27,4096.26,4082.69,4093.74,12549
1763342100,4093.81,4097.1,4085.48,4095.94,12922
1763343000,4095.95,4101.915,4094.21,4098.875,12008
1763343900,4098.87,4099.76,4090.225,4091.325,10099
1763344800,4091.32,4092.715,4083.82,4088.995,5721
1763345700,4089.01,4092.46,4086.155,4091.95,4086
1763346600,4091.955,4093.905,4085.485,4088.48,6405
1763347500,4088.455,4089.82,4080.84,4081.725,7853
1763348400,4081.68,4083,4069.86,4079.955,9690
1763349300,4079.97,4085.85,4075.825,4080.435,6330
1763350200,4080.375,4083.33,4078.08,4083.005,4819
1763351100,4083.03,4085.335,4080.84,4083,4451
1763352000,4082.985,4088.085,4082.06,4083.83,6161
1763352900,4083.89,4084.54,4081.185,4083.405,2680
1763353800,4083.495,4085.4,4081.405,4083.555,2841
1763354700,4083.57,4083.875,4076.84,4078.68,2385
1763355600,4078.73,4078.815,4072.17,4072.53,2821
1763356500,4072.535,4072.915,4058.77,4064.5,7526
1763357400,4064.51,4065.105,4049.76,4057.455,9097
1763358300,4057.38,4060.58,4053.31,4058.48,4328
1763359200,4058.515,4066.7,4054.9,4058.705,7653
1763360100,4058.66,4065.02,4056.435,4063.25,3104
1763361000,4063.16,4072.07,4062.7,4066.895,6099
1763361900,4066.845,4070.045,4064.875,4066.175,3118
1763362800,4066.17,4073.6,4065.38,4072.82,3931
1763363700,4072.885,4079.575,4072.335,4078.745,4733
1763364600,4078.72,4083.25,4077.21,4083.25,3436
1763365500,4083.25,4089.26,4083.165,4088.13,5289
1763366400,4088.32,4095.935,4086.925,4090.02,6252
1763367300,4090.03,4090.69,4078.96,4081.025,5848
1763368200,4081.02,4084.105,4075.845,4077.71,5089
1763369100,4077.715,4079.69,4072.11,4077.395,4662
1763370000,4077.24,4082.46,4072.35,4082.115,4627
1763370900,4082.125,4085.315,4079.38,4083.56,3934
1763371800,4083.49,4088.755,4082.15,4086.205,4169
1763372700,4086.255,4086.655,4079.04,4082.28,4065
1763373600,4082.275,4089.455,4081.34,4087.245,4953
1763374500,4087.345,4089.555,4083.845,4084.37,3470
1763375400,4084.325,4086.55,4078.045,4079.46,4787
1763376300,4079.465,4081.18,4068.435,4070.18,6736
1763377200,4070.175,4073.84,4061.215,4068.095,5180
1763378100,4068.03,4072.365,4065.235,4065.815,3264
1763379000,4065.745,4083.17,4064.4,4080.235,4882
1763379900,4080.295,4085.98,4076.59,4078.47,4707
1763380800,4078.535,4080.4,4076.74,4078.52,1901
1763381700,4078.45,4080.375,4074.705,4078.4,2620
1763382600,4078.46,4085.45,4077.835,4082.665,2916
1763383500,4082.62,4083.365,4075.07,4077.375,4815
1763384400,4077.295,4092.29,4076.155,4083.43,5847
1763385300,4083.425,4087.255,4075.12,4076.875,7251
1763386200,4076.85,4079.79,4067.42,4069.405,7642
1763387100,4069.395,4071.35,4060.65,4065.48,9208
1763388000,4065.505,4074.51,4060.57,4073.705,8935
1763388900,4073.71,4074.74,4064.27,4066.56,7949
1763389800,4066.65,4082.01,4065.47,4074.18,15506
1763390700,4074.09,4080.52,4072.34,4076.34,11069
1763391600,4076.32,4077.79,4061.86,4069.09,13657
1763392500,4069.145,4075.905,4060.825,4072.535,10186
1763393400,4072.53,4077.56,4070.695,4073.77,14685
1763394300,4073.735,4073.905,4063.63,4064.33,9767
1763395200,4064.31,4065.42,4052.38,4061.66,13160
1763396100,4061.645,4069.01,4059.295,4069.005,12342
1763397000,4068.96,4073.86,4068,4068.86,12411
1763397900,4068.82,4071.015,4065.35,4070.12,7940
1763398800,4070.125,4075.725,4069.65,4074.145,6881
1763399700,4074.17,4080.61,4072.37,4077.25,6682
1763400600,4077.35,4081.13,4073.82,4075.6,8730
1763401500,4075.675,4075.925,4071.335,4073.345,10586
1763402400,4073.35,4076.33,4071.21,4072.775,9604
1763403300,4072.79,4075.62,4067.785,4073.115,6726
1763404200,4073.14,4073.14,4067.49,4068.825,8347
1763405100,4068.77,4071.78,4062.475,4062.845,10739
1763406000,4062.835,4064.56,4056.725,4060.75,10870
1763406900,4060.775,4065.32,4053.59,4056.805,6120
1763407800,4056.785,4058.77,4016.065,4019.54,18605
1763408700,4019.45,4026.07,4010.95,4011.38,17685
1763409600,4011.41,4022.935,4007.055,4016.495,17329
1763410500,4016.515,4027.995,4015.615,4027.08,9266
1763411400,4027.215,4031.61,4025.155,4029.84,9314
1763412300,4029.915,4044.435,4029.475,4041.205,8121
1763413200,4041.165,4045.455,4038.99,4044.365,2535
1763414100,4044.37,4045.78,4042.685,4043.57,1925
1763415000,4043.59,4044.88,4042.685,4043.585,1579
1763415900,4043.58,4046.105,4042.715,4045.86,1593
1763420400,4050.79,4054.755,4045.93,4050.09,2723
1763421300,4050.11,4052.66,4047.95,4048.41,2718
1763422200,4048.395,4049.99,4034.565,4037.34,4951
1763423100,4037.31,4042.82,4028.895,4036.785,6880
1763424000,4036.835,4040.355,4030.385,4036.81,4909
1763424900,4036.805,4036.845,4027.3,4030.945,5729
1763425800,4030.93,4039.29,4028.95,4037.255,4239
1763426700,4037.26,4041.205,4032.16,4040.09,4868
1763427600,4040.1,4045.355,4035.055,4040.89,9208
1763428500,4040.865,4045.13,4037.2,4040.42,6060
1763429400,4040.45,4041.6,4029.88,4033.18,7214
1763430300,4033.17,4034.005,4022.425,4025.15,9441
1763431200,4025.14,4034.29,4019.425,4034.11,6737
1763432100,4034.175,4034.47,4026.96,4030.785,3714
1763433000,4030.835,4035.89,4028.28,4029.89,5305
1763433900,4029.89,4030.765,4015.38,4018.035,10301
1763434800,4018.005,4019.895,4010.28,4014.67,6528
1763435700,4014.53,4015.38,4008.24,4013.07,3446
1763436600,4013.1,4026.685,4011.665,4022.27,6688
1763437500,4022.225,4022.325,4011.34,4013.39,4472
1763438400,4013.46,4013.765,4009.725,4011.13,3890
1763439300,4011.2,4018.16,4004.725,4017.68,9990
1763440200,4017.675,4017.825,4007.53,4010.23,8076
1763441100,4010.17,4012.29,4008.665,4010.39,4112
1763442000,4010.45,4014.35,4008.09,4012.11,4660
1763442900,4012.105,4021.955,4010.58,4017.015,3522
1763443800,4017.07,4024.83,4016.735,4023.8,7637
1763444700,4023.85,4025.395,4015.58,4019.005,5109
1763445600,4019.07,4020.58,4012.535,4012.715,4571
1763446500,4012.705,4015.905,4008.275,4014.33,7739
1763447400,4014.16,4015.62,4007.71,4011.26,7987
1763448300,4011.25,4015.985,4008.705,4008.935,6146
1763449200,4008.95,4009.49,4002.25,4008.545,7210
1763450100,4008.55,4010.805,4002.28,4002.465,6377
1763451000,4002.445,4015.265,3997.985,4011.905,6963
1763451900,4011.91,4017.69,4010.13,4013.82,5141
1763452800,4013.84,4026.835,4010.45,4025.1,9978
1763453700,4024.975,4026.525,4021.095,4022.355,6306
1763454600,4022.29,4042.795,4021.655,4037.345,9257
1763455500,4037.295,4041.73,4033.99,4036.695,6947
1763456400,4036.52,4039.125,4030.52,4033.37,5592
1763457300,4033.655,4039.93,4033.63,4034.775,7378
1763458200,4034.605,4037.715,4030.42,4037.715,4892
1763459100,4037.71,4047.335,4036.175,4040.365,5872
1763460000,4040.35,4045.05,4037.695,4041.005,5837
1763460900,4041.04,4043.635,4038.43,4038.43,6579
1763461800,4038.325,4043.755,4037.43,4043.44,5851
1763462700,4043.505,4050.435,4041.86,4044.21,8218
1763463600,4044.265,4048.795,4042.665,4045.78,2927
1763464500,4045.88,4049.29,4044.61,4048.53,3206
1763465400,4048.51,4050.525,4043.675,4044.85,2948
1763466300,4044.92,4045.26,4036.91,4039.655,4941
1763467200,4039.68,4045.305,4038,4040.145,9069
1763468100,4040.19,4043.52,4032.155,4033.32,6572
1763469000,4033.335,4040.16,4032.36,4033.565,5253
1763469900,4033.54,4035.325,4029.33,4032.555,9986
1763470800,4032.695,4046.225,4031.34,4043.085,12834
1763471700,4042.955,4052.97,4040.78,4048.965,10224
1763472600,4048.94,4068.19,4047.81,4063.345,15400
1763473500,4063.355,4070.415,4062,4065.305,9410
1763474400,4065.3,4075.345,4063.395,4073.835,9716
1763475300,4073.86,4080.57,4073.42,4074.745,8674
1763476200,4074.685,4081.915,4069.815,4073.385,18770
1763477100,4073.44,4077.76,4058.22,4065.91,15580
1763478000,4065.83,4068.12,4053.465,4059.49,15085
1763478900,4059.525,4067.235,4054.095,4064.805,18643
1763479800,4064.82,4072.415,4058.13,4060.445,19305
1763480700,4060.42,4061.285,4049.24,4053.2,11487
1763481600,4053.245,4054.755,4040.55,4053.72,15865
1763482500,4053.67,4065.54,4051.5,4064.86,8512
1763483400,4064.91,4067.025,4057.765,4062.34,5818
1763484300,4062.33,4069.35,4060.505,4066.93,6504
1763485200,4066.855,4070.685,4063.825,4066.15,3894
1763486100,4066.185,4068.19,4059.54,4061.71,7350
1763487000,4061.685,4075.75,4060.675,4073.085,7503
1763487900,4073.105,4074.35,4069.79,4071.67,9336
1763488800,4071.6,4074.875,4067.78,4068.435,3472
1763489700,4068.505,4070.42,4063.22,4065.875,5045
1763490600,4066.075,4072.97,4063.77,4070.865,3339
1763491500,4070.85,4074.5,4069.19,4072.63,3866
1763492400,4072.655,4079.905,4072.58,4079.77,4545
1763493300,4079.685,4080.985,4075.075,4075.575,3955
1763494200,4075.645,4081.235,4073.475,4077.025,7807
1763495100,4077.035,4082.12,4076.635,4081.38,11320
1763496000,4081.36,4082.58,4073.32,4073.65,6962
1763496900,4073.95,4076.525,4069.395,4072.3,4746
1763497800,4072.35,4073.625,4068.455,4068.72,4716
1763498700,4068.675,4071.69,4067.435,4069.695,7169
1763499600,4069.63,4072.41,4069.33,4070.45,1164
1763500500,4070.305,4070.305,4064.915,4065.935,1012
1763501400,4066.03,4068.59,4065.3,4067.335,635
1763502300,4067.28,4068.46,4065.71,4067.425,904
1763506800,4067.645,4073.355,4067.155,4071.49,1690
1763507700,4071.585,4073.98,4070.92,4071.465,1676
1763508600,4071.46,4074.075,4068.21,4073.53,2610
1763509500,4073.575,4078.1,4070.2,4077,2397
1763510400,4076.975,4077.985,4071.235,4073.18,1937
1763511300,4073.205,4078.655,4071.065,4074.695,2685
1763512200,4074.575,4077.465,4074.19,4075.57,2121
1763513100,4075.52,4075.88,4067.515,4069.34,4920
1763514000,4069.345,4070.24,4061.405,4064.615,12070
1763514900,4064.68,4069.9,4060.76,4067.795,5861
1763515800,4067.705,4070.44,4061.415,4065.58,5131
1763516700,4065.65,4065.65,4056.39,4059.09,6702
1763517600,4059.115,4063.83,4055.525,4059.705,7383
1763518500,4059.81,4065.16,4059.59,4064.42,3604
1763519400,4064.455,4078.8,4064.135,4078.51,6683
1763520300,4078.465,4080.775,4075.435,4075.79,6365
1763521200,4075.795,4078.83,4072.355,4073.78,4586
1763522100,4073.92,4075.715,4069.63,4071.995,6090
1763523000,4071.925,4074.26,4070.425,4073.26,2297
1763523900,4073.545,4076.445,4066.21,4067.105,3186
1763524800,4067.1,4071.085,4064.68,4068.825,2431
1763525700,4068.775,4076,4068.39,4074.34,4100
1763526600,4074.405,4077.105,4072.445,4074.84,3133
1763527500,4074.77,4076.825,4073.28,4075.245,2932
1763528400,4075.455,4079.565,4074.3,4079.29,1918
1763529300,4079.195,4092.19,4079.065,4088.845,6661
1763530200,4088.835,4097.565,4087.79,4092.385,8794
1763531100,4092.34,4095.78,4090.25,4095.63,4571
1763532000,4095.655,4098.72,4092.445,4097.125,5003
1763532900,4097.13,4097.14,4089.105,4092.305,4068
1763533800,4092.405,4095.665,4089.455,4094.31,4131
1763534700,4094.295,4095.515,4089.925,4091.075,3165
1763535600,4091.08,4092.995,4084.95,4087.485,3139
1763536500,4087.49,4091.055,4085.335,4088.695,2682
1763537400,4088.685,4096.165,4088.195,4094.86,4381
1763538300,4094.815,4097,4086.25,4087,3490
1763539200,4086.925,4086.965,4078.35,4082.27,6735
1763540100,4082.255,4088.855,4080.655,4088.08,2925
1763541000,4088.01,4088.67,4080.225,4081.605,3889
1763541900,4081.56,4085.725,4080.5,4083.355,2571
1763542800,4083.4,4090.79,4081.265,4089.835,5083
1763543700,4089.83,4092.155,4085.76,4091.21,3795
1763544600,4091.265,4098.745,4087.99,4098.54,3028
1763545500,4098.555,4116.4,4098.375,4113.325,10540
1763546400,4113.35,4119.23,4109.19,4111.21,6994
1763547300,4111.28,4116,4110.72,4112.475,5734
1763548200,4112.425,4114.74,4110.355,4112.615,2807
1763549100,4112.7,4113.89,4107.075,4108.995,4551
1763550000,4109.03,4111.34,4106.455,4110.26,4247
1763550900,4110.265,4117.75,4110.045,4114.42,5546
1763551800,4114.41,4115.065,4109.83,4111.49,4848
1763552700,4111.515,4117.025,4111.39,4113.125,3905
1763553600,4113.14,4119.895,4112.65,4116.145,4097
1763554500,4116.195,4117.65,4112.155,4117.28,4988
1763555400,4117.29,4120.015,4115.07,4117.47,3948
1763556300,4117.46,4119.79,4112.3,4114.685,4281
1763557200,4114.72,4115.435,4101.44,4103.25,10483
1763558100,4103.15,4109.895,4100.85,4109.525,8575
1763559000,4109.515,4115.19,4106.655,4114.595,8055
1763559900,4114.605,4117.94,4106.205,4110.765,7727
1763560800,4110.84,4118.845,4110.795,4117.69,5463
1763561700,4117.725,4118.885,4105.92,4106.905,9897
1763562600,4106.88,4117.575,4101.7,4112.52,14418
1763563500,4112.48,4128.975,4109.395,4127.905,14453
1763564400,4127.865,4130.43,4120.675,4130,19542
1763565300,4130.025,4132.985,4115.955,4116.32,14967
1763566200,4116.44,4121.295,4109.215,4110.22,16246
1763567100,4110.125,4110.98,4090.05,4096.745,16857
1763568000,4096.74,4098.71,4083.945,4094.85,16260
1763568900,4094.89,4095.56,4071.63,4074.415,19001
1763569800,4074.425,4079.425,4068.005,4073.605,16556
1763570700,4073.685,4078.405,4070.14,4074.74,17792
1763571600,4074.83,4076.67,4055.475,4065.575,12639
1763572500,4065.44,4073.215,4061.985,4072.295,10943
1763573400,4072.3,4078.345,4063.2,4075.215,12504
1763574300,4075.195,4081.25,4072.095,4078.835,9844
1763575200,4078.945,4085.685,4078.61,4084.02,12030
1763576100,4084,4086.68,4078.69,4081.86,13172
1763577000,4081.81,4084.45,4075.795,4079.315,8831
1763577900,4079.255,4091.4,4078.27,4087.485,7957
1763578800,4087.48,4087.52,4073.315,4078.27,8927
1763579700,4078.285,4079.275,4069.285,4071.96,7922
1763580600,4071.94,4076.96,4069.315,4071.94,11031
1763581500,4071.965,4077.555,4071.02,4073.7,7435
1763582400,4073.655,4078.295,4072.345,4075.85,5870
1763583300,4075.945,4082.24,4075.945,4079.44,6929
1763584200,4079.37,4080.68,4074.8,4077.26,12539
1763585100,4077.32,4078.355,4072.45,4076.385,7006
1763586000,4076.36,4076.36,4071.485,4072.48,1454
1763586900,4072.555,4077.565,4065.76,4076.965,4039
1763587800,4076.925,4084.9,4076.45,4080.23,2788
1763588700,4080.41,4082.23,4076.18,4077.85,1344
1763593200,4088.255,4089.465,4083.645,4088.005,2329
1763594100,4087.995,4091.57,4087.37,4088.365,2567
1763595000,4088.36,4099.14,4085.97,4096.72,5068
1763595900,4096.81,4108.21,4096.63,4104.69,5859
1763596800,4104.66,4110.37,4103.565,4105.75,6329
1763597700,4105.745,4109.255,4105.21,4105.605,3514
1763598600,4105.53,4109.025,4101.6,4105.08,3803
1763599500,4105.12,4105.935,4100.42,4103.135,4322
1763600400,4103.065,4109.185,4096.46,4097.59,7844
1763601300,4097.585,4099.145,4092.39,4094.275,8692
1763602200,4094.26,4094.765,4088.405,4091.785,6059
1763603100,4091.845,4098.565,4081.195,4081.605,6495
1763604000,4081.595,4081.88,4059.155,4063.46,13355
1763604900,4063.445,4064.31,4038.9,4055.38,14216
1763605800,4055.51,4062.2,4053.47,4061.87,6453
1763606700,4061.895,4070.36,4060.17,4066.875,6273
1763607600,4066.86,4085.695,4066.25,4078.16,9926
1763608500,4078.135,4078.7,4072.64,4076.32,6410
1763609400,4076.5,4076.84,4065.05,4066.055,4066
1763610300,4065.85,4072.95,4064.99,4072.365,3098
1763611200,4072.38,4078.955,4068.3,4078.07,6228
1763612100,4078.09,4080.06,4076.105,4078.28,6184
1763613000,4078.285,4079.7,4073.36,4076.765,2758
1763613900,4076.7,4080.53,4074.68,4075.5,2820
1763614800,4075.51,4075.97,4068.1,4071.59,6935
1763615700,4071.495,4074.13,4068.3,4069.7,4743
1763616600,4069.635,4072.35,4064.38,4067.13,4721
1763617500,4066.96,4072.055,4066.335,4066.79,3748
1763618400,4066.66,4077.945,4065.05,4073.585,3866
1763619300,4073.56,4074.94,4058.52,4063.05,5355
1763620200,4062.9,4072.27,4061.67,4067.995,3847
1763621100,4068.02,4070.58,4063.6,4068.495,2895
1763622000,4068.48,4076.675,4065.695,4073.5,4596
1763622900,4073.605,4073.65,4060.13,4062.95,3891
1763623800,4062.915,4068.22,4058.795,4059.915,5023
1763624700,4059.94,4061.97,4054.35,4059.935,4719
1763625600,4059.97,4063.195,4042.785,4047.405,7899
1763626500,4047.36,4050.76,4038.93,4046.02,6802
1763627400,4046.075,4058.685,4043.93,4054.6,6118
1763628300,4054.615,4069.48,4051.91,4063.46,8266
1763629200,4063.335,4072.81,4063.045,4068.82,8035
1763630100,4068.885,4071.81,4058.78,4059.175,6839
1763631000,4059.155,4067.715,4055.735,4063.81,8712
1763631900,4063.82,4069.13,4059.765,4064.225,8925
1763632800,4064.235,4068.275,4058.895,4059.63,6495
1763633700,4059.62,4064.12,4058.305,4061.625,8412
1763634600,4061.605,4067.16,4061.375,4063.645,6252
1763635500,4063.49,4065.21,4058.5,4059.91,8533
1763636400,4059.905,4060.97,4054.135,4057.395,7566
1763637300,4057.335,4057.335,4051.16,4056.63,8415
1763638200,4056.53,4068.525,4054.48,4066.755,7178
1763639100,4066.78,4066.95,4056.63,4060.895,7752
1763640000,4060.82,4075.025,4060.185,4072.72,9326
1763640900,4072.71,4079.34,4069.865,4073.27,9041
1763641800,4073.295,4079.5,4072.96,4076.955,8174
1763642700,4076.985,4082.1,4074.155,4081.81,7478
1763643600,4081.79,4094.665,4081.295,4090.185,17037
1763644500,4090.19,4093.275,4083.475,4085.77,10173
1763645400,4085.79,4096.545,4066.925,4080.51,23767
1763646300,4080.54,4090.07,4073.18,4080.245,19232
1763647200,4080.225,4083.41,4072.28,4078.795,16405
1763648100,4078.645,4088.745,4078.49,4080.6,16223
1763649000,4080.62,4091.45,4074.555,4088.955,24846
1763649900,4088.97,4107.35,4086.615,4093.25,24667
1763650800,4093.235,4097.075,4082.63,4092.565,22295
1763651700,4092.55,4098.87,4086.36,4095.445,17919
1763652600,4095.44,4096.175,4074.885,4088.085,18090
1763653500,4088.145,4088.725,4070.23,4070.355,19241
1763654400,4070.39,4082.795,4068.56,4074.635,18665
1763655300,4074.535,4078.595,4063.12,4065.235,21857
1763656200,4064.675,4068.27,4057.82,4059.23,24350
1763657100,4059.28,4067.3,4044.815,4049.12,26393
1763658000,4049.065,4055.135,4043.58,4052.81,25022
1763658900,4052.815,4061.43,4050.495,4056.33,21110
1763659800,4056.32,4060.315,4049.27,4052.33,14086
1763660700,4052.34,4068.67,4051.655,4066.225,17602
1763661600,4066.215,4072.72,4064.55,4066.53,14319
1763662500,4066.545,4067.33,4056.215,4060.465,16782
1763663400,4060.435,4067.375,4057.66,4061.115,18635
1763664300,4061.105,4063.17,4056.895,4060.69,17226
1763665200,4060.68,4069.325,4059.095,4069.22,14618
1763666100,4069.135,4087.445,4066.275,4084.365,15401
1763667000,4084.39,4087.37,4079.32,4083.14,14642
1763667900,4083.155,4085.615,4080.345,4084.76,11736
1763668800,4084.71,4085.24,4074.145,4077.22,14514
1763669700,4077.26,4081.585,4074.165,4077.385,12183
1763670600,4077.42,4078.28,4073.425,4077.905,12137
1763671500,4077.91,4080.195,4073.63,4077.49,16234
1763672400,4077.835,4079.83,4074.455,4077.265,4384
1763673300,4077.28,4081.145,4076.525,4079.055,2664
1763674200,4079.12,4080.37,4076.625,4076.89,1372
1763675100,4076.935,4079.905,4076.935,4077.535,943
1763679600,4073.08,4085.225,4073.075,4084.96,3448
1763680500,4085.08,4085.915,4076.585,4081.03,4244
1763681400,4081.135,4088.65,4079.495,4087.21,4325
1763682300,4087.22,4088.725,4074.415,4079.035,4917
1763683200,4079.065,4081.56,4073.675,4079.925,3174
1763684100,4079.865,4081.195,4071.61,4074.89,1986
1763685000,4074.96,4080.1,4071.865,4078.545,2643
1763685900,4078.635,4079.78,4071.36,4073.88,3101
1763686800,4073.905,4073.905,4063.09,4064.485,10414
1763687700,4064.52,4068.815,4061.63,4062.015,5261
1763688600,4062.095,4064.965,4060.5,4064.335,10100
1763689500,4064.355,4074.705,4063.415,4068.68,9895
1763690400,4068.695,4075.87,4068.21,4073.74,4117
1763691300,4073.715,4075.335,4066.085,4073.735,4469
1763692200,4073.77,4080.105,4072.155,4073.17,7851
1763693100,4073.18,4073.45,4056.525,4057.305,10969
1763694000,4057.32,4059.495,4052.335,4056.61,7648
1763694900,4056.615,4058.005,4049.46,4052.68,7917
1763695800,4052.685,4057.685,4050.935,4054.925,8824
1763696700,4054.96,4059.625,4052.185,4056.365,5395
1763697600,4056.37,4062.615,4052.94,4055.39,5107
1763698500,4055.26,4060.805,4053.53,4059.99,6252
1763699400,4060.035,4060.705,4048.19,4050.595,3503
1763700300,4050.59,4053.045,4047.705,4052.445,4679
1763701200,4052.45,4057.585,4051.685,4056.105,6877
1763702100,4056.32,4057.445,4053.06,4053.06,5833
1763703000,4053.05,4057.565,4048.1,4048.985,9008
1763703900,4048.975,4060.105,4039.75,4058.69,12966
1763704800,4058.695,4065.095,4051.57,4051.825,8663
1763705700,4051.75,4052.615,4030.54,4032.05,9529
1763706600,4031.995,4040.69,4029.36,4036.11,10532
1763707500,4036.035,4039.275,4032.72,4032.77,6810
1763708400,4032.82,4033.155,4024.835,4032.505,7672
1763709300,4032.52,4037.78,4030.6,4037.66,8693
1763710200,4037.705,4039.87,4032.11,4033.48,8752
1763711100,4033.625,4035.715,4028.705,4031.82,12311
1763712000,4031.815,4039.515,4022.26,4037.015,12102
1763712900,4037.06,4048.195,4033.895,4042.8,10908
1763713800,4042.755,4047.66,4040.98,4043.635,10201
1763714700,4043.53,4047.13,4038.66,4041.185,12300
1763715600,4041.18,4059.7,4040.36,4058.32,10601
1763716500,4058.305,4063.605,4054.08,4056.68,14041
1763717400,4056.675,4060.895,4049.54,4049.62,11990
1763718300,4049.61,4055.14,4048.34,4050.615,11661
1763719200,4050.535,4052.8,4035.37,4038.955,12153
1763720100,4038.935,4043.62,4032.63,4032.71,12767
1763721000,4032.7,4038.045,4032.41,4033.93,10985
1763721900,4033.89,4041.945,4033.505,4037.205,12679
1763722800,4037.095,4047.05,4035.77,4040.41,12838
1763723700,4040.37,4042.15,4037,4039.325,11138
1763724600,4039.39,4041.06,4035.07,4036.675,9403
1763725500,4036.58,4038.71,4031.1,4036.715,12926
1763726400,4036.71,4046.03,4034.785,4044.35,11511
1763727300,4044.33,4050.66,4041.17,4045.2,17215
1763728200,4044.865,4063.635,4043.925,4062.205,22778
1763729100,4062.22,4071.785,4061,4066.015,18806
1763730000,4066.005,4067.355,4059.185,4062.4,18155
1763730900,4062.43,4070.82,4059.945,4067.745,15136
1763731800,4067.755,4072.475,4066.265,4072.425,11504
1763732700,4072.365,4081.39,4072.365,4079.745,17944
1763733600,4079.685,4084.075,4071.7,4076.24,16886
1763734500,4076.27,4076.78,4064.065,4066.755,13943
1763735400,4066.775,4071.085,4061.7,4063.52,25649
1763736300,4063.48,4075.44,4062.335,4071.425,20432
1763737200,4071.245,4076.885,4066.42,4072.145,21279
1763738100,4072.15,4076.615,4067.605,4069.17,30235
1763739000,4069.095,4070.745,4055.16,4063.5,23784
1763739900,4063.595,4072.125,4062.77,4069.67,14129
1763740800,4069.655,4072.725,4063.08,4067.36,19267
1763741700,4067.44,4071.745,4064.265,4070.55,14916
1763742600,4070.535,4081.305,4069.965,4079.37,9702
1763743500,4079.345,4100.685,4076.44,4099.93,15613
1763744400,4099.925,4101.07,4083.105,4084.69,12801
1763745300,4084.715,4087.37,4079.01,4081.66,8489
1763746200,4081.635,4084.735,4079.485,4083.515,11027
1763747100,4083.56,4088.82,4081.06,4085.645,13253
1763748000,4085.65,4087.655,4080.105,4081.365,13397
1763748900,4081.3,4084.76,4079.195,4080.04,14193
1763749800,4080.05,4081.985,4076.575,4079.655,10380
1763750700,4079.65,4088.265,4079.605,4082.875,14353
1763751600,4082.85,4086.325,4082.58,4084.93,7586
1763752500,4084.885,4092.185,4084.425,4090.645,7033
1763753400,4090.62,4092.17,4085.295,4085.765,7710
1763754300,4085.825,4089.435,4084.41,4087.625,12155
1763755200,4087.645,4088.77,4080.38,4081.12,9657
1763756100,4081.125,4083,4068.09,4069.59,10483
1763757000,4069.53,4069.615,4056.49,4059.415,11381
1763757900,4059.37,4070.03,4055.3,4067.29,16601
1763758800,4067.315,4069.195,4054.74,4059.42,3661
1763759700,4059.48,4063.82,4057.13,4062.27,2346
1763760600,4062.375,4066.81,4061.88,4065.26,2085
1763761500,4065.27,4067.16,4062.93,4065.01,1965